chain,resid,resname,score,cluster
A,1,MET,0.1170,-1
A,2,PHE,0.1124,-1
A,3,GLU,0.1013,-1
A,4,ALA,0.0933,-1
A,5,ARG,0.0889,-1
A,6,LEU,0.0898,-1
A,7,VAL,0.0966,-1
A,8,GLN,0.0942,-1
A,9,GLY,0.0956,-1
A,10,SER,0.0936,-1
A,11,ILE,0.0755,-1
A,12,LEU,0.0755,-1
A,13,LYS,0.0763,-1
A,14,LYS,0.0741,-1
A,15,VAL,0.0770,-1
A,16,LEU,0.0784,-1
A,17,GLU,0.0811,-1
A,18,ALA,0.0849,-1
A,19,LEU,0.0824,-1
A,20,LYS,0.0828,-1
A,21,ASP,0.0852,-1
A,22,LEU,0.0917,-1
A,23,ILE,0.1512,-1
A,24,ASN,0.1631,-1
A,25,GLU,0.5577,0
A,26,ALA,0.6048,0
A,27,CYS,0.6191,0
A,28,TRP,0.2298,-1
A,29,ASP,0.1583,-1
A,30,ILE,0.1049,-1
A,31,SER,0.0957,-1
A,32,SER,0.0930,-1
A,33,SER,0.0917,-1
A,34,GLY,0.0970,-1
A,35,VAL,0.1040,-1
A,36,ASN,0.1437,-1
A,37,LEU,0.1988,-1
A,38,GLN,0.5849,0
A,39,SER,0.6273,0
A,40,MET,0.6161,0
A,41,ASP,0.5676,0
A,42,SER,0.6086,0
A,43,SER,0.6028,0
A,44,HIS,0.6003,0
A,45,VAL,0.5684,0
A,46,SER,0.5062,0
A,47,LEU,0.5153,0
A,48,VAL,0.3580,-1
A,49,GLN,0.1897,-1
A,50,LEU,0.1557,-1
A,51,THR,0.1108,-1
A,52,LEU,0.1059,-1
A,53,ARG,0.0951,-1
A,54,SER,0.0885,-1
A,55,GLU,0.0862,-1
A,56,GLY,0.0893,-1
A,57,PHE,0.0827,-1
A,58,ASP,0.0797,-1
A,59,THR,0.0844,-1
A,60,TYR,0.0882,-1
A,61,ARG,0.0901,-1
A,62,CYS,0.0930,-1
A,63,ASP,0.1072,-1
A,64,ARG,0.1075,-1
A,65,ASN,0.0956,-1
A,66,LEU,0.1142,-1
A,67,ALA,0.1565,-1
A,68,MET,0.1974,-1
A,69,GLY,0.2774,-1
A,70,VAL,0.2167,-1
A,71,ASN,0.1876,-1
A,72,LEU,0.1347,-1
A,73,THR,0.1191,-1
A,74,SER,0.1102,-1
A,75,MET,0.1152,-1
A,76,SER,0.1009,-1
A,77,LYS,0.1060,-1
A,78,ILE,0.1084,-1
A,79,LEU,0.1141,-1
A,80,LYS,0.1705,-1
A,81,CYS,0.2732,-1
A,82,ALA,0.3489,-1
A,83,GLY,0.3870,-1
A,84,ASN,0.3689,-1
A,85,GLU,0.3319,-1
A,86,ASP,0.3034,-1
A,87,ILE,0.2592,-1
A,88,ILE,0.2336,-1
A,89,THR,0.2194,-1
A,90,LEU,0.2505,-1
A,91,ARG,0.2440,-1
A,92,ALA,0.2877,-1
A,93,GLU,0.2940,-1
A,94,ASP,0.2892,-1
A,95,ASN,0.3321,-1
A,96,ALA,0.3343,-1
A,97,ASP,0.3367,-1
A,98,THR,0.3218,-1
A,99,LEU,0.3094,-1
A,100,ALA,0.2852,-1
A,101,LEU,0.2891,-1
A,102,VAL,0.3250,-1
A,103,PHE,0.3888,-1
A,104,GLU,0.3919,-1
A,105,ALA,0.4170,-1
A,106,PRO,0.3775,-1
A,107,ASN,0.3688,-1
A,108,GLN,0.3138,-1
A,109,GLU,0.2803,-1
A,110,LYS,0.2455,-1
A,111,VAL,0.2145,-1
A,112,SER,0.1873,-1
A,113,ASP,0.1844,-1
A,114,TYR,0.1836,-1
A,115,GLU,0.2693,-1
A,116,MET,0.3117,-1
A,117,LYS,0.3944,-1
A,118,LEU,0.4147,-1
A,119,MET,0.4273,-1
A,120,ASP,0.4559,-1
A,121,LEU,0.4670,-1
A,122,ASP,0.4799,-1
A,123,VAL,0.4838,-1
A,124,GLU,0.4808,-1
A,125,GLN,0.4759,-1
A,126,LEU,0.4726,-1
A,127,GLY,0.4600,-1
A,128,ILE,0.4388,-1
A,129,PRO,0.3988,-1
A,130,GLU,0.3373,-1
A,131,GLN,0.2949,-1
A,132,GLU,0.2472,-1
A,133,TYR,0.2166,-1
A,134,SER,0.1912,-1
A,135,CYS,0.1846,-1
A,136,VAL,0.1732,-1
A,137,VAL,0.1930,-1
A,138,LYS,0.1742,-1
A,139,MET,0.1714,-1
A,140,PRO,0.1440,-1
A,141,SER,0.1277,-1
A,142,GLY,0.1200,-1
A,143,GLU,0.1044,-1
A,144,PHE,0.0934,-1
A,145,ALA,0.0844,-1
A,146,ARG,0.0761,-1
A,147,ILE,0.0779,-1
A,148,CYS,0.0790,-1
A,149,ARG,0.0779,-1
A,150,ASP,0.0918,-1
A,151,LEU,0.1027,-1
A,152,SER,0.1065,-1
A,153,HIS,0.1295,-1
A,154,ILE,0.1957,-1
A,155,GLY,0.2752,-1
A,156,ASP,0.2589,-1
A,157,ALA,0.2864,-1
A,158,VAL,0.3209,-1
A,159,VAL,0.3482,-1
A,160,ILE,0.3741,-1
A,161,SER,0.3515,-1
A,162,CYS,0.3315,-1
A,163,ALA,0.3223,-1
A,164,LYS,0.3008,-1
A,165,ASP,0.3084,-1
A,166,GLY,0.3014,-1
A,167,VAL,0.2929,-1
A,168,LYS,0.2868,-1
A,169,PHE,0.3427,-1
A,170,SER,0.4075,-1
A,171,ALA,0.4357,-1
A,172,SER,0.4393,-1
A,173,GLY,0.4497,-1
A,174,GLU,0.4375,-1
A,175,LEU,0.4376,-1
A,176,GLY,0.4297,-1
A,177,ASN,0.4240,-1
A,178,GLY,0.3815,-1
A,179,ASN,0.3576,-1
A,180,ILE,0.3073,-1
A,181,LYS,0.3205,-1
A,182,LEU,0.3782,-1
A,183,SER,0.3973,-1
A,184,GLN,0.4093,-1
A,185,THR,0.4273,-1
A,186,SER,0.4285,-1
A,187,ASN,0.4205,-1
A,188,VAL,0.4036,-1
A,189,ASP,0.3757,-1
A,190,LYS,0.3651,-1
A,191,GLU,0.3178,-1
A,192,GLU,0.3158,-1
A,193,GLU,0.2670,-1
A,194,ALA,0.3068,-1
A,195,VAL,0.2916,-1
A,196,THR,0.2788,-1
A,197,ILE,0.2433,-1
A,198,GLU,0.2368,-1
A,199,MET,0.2356,-1
A,200,ASN,0.2306,-1
A,201,GLU,0.2239,-1
A,202,PRO,0.2257,-1
A,203,VAL,0.2515,-1
A,204,GLN,0.2566,-1
A,205,LEU,0.2830,-1
A,206,THR,0.2522,-1
A,207,PHE,0.2345,-1
A,208,ALA,0.1928,-1
A,209,LEU,0.1594,-1
A,210,ARG,0.1407,-1
A,211,TYR,0.1166,-1
A,212,LEU,0.1039,-1
A,213,ASN,0.0893,-1
A,214,PHE,0.0888,-1
A,215,PHE,0.0853,-1
A,216,THR,0.0931,-1
A,217,LYS,0.0924,-1
A,218,ALA,0.0945,-1
A,219,THR,0.1371,-1
A,220,PRO,0.1819,-1
A,221,LEU,0.2249,-1
A,222,SER,0.2327,-1
A,223,SER,0.2326,-1
A,224,THR,0.2266,-1
A,225,VAL,0.2422,-1
A,226,THR,0.2469,-1
A,227,LEU,0.3035,-1
A,228,SER,0.3679,-1
A,229,MET,0.4473,-1
A,230,SER,0.4702,-1
A,231,ALA,0.4800,-1
A,232,ASP,0.4990,-1
A,233,VAL,0.4853,-1
A,234,PRO,0.4746,-1
A,235,LEU,0.4473,-1
A,236,VAL,0.4229,-1
A,237,VAL,0.3683,-1
A,238,GLU,0.3452,-1
A,239,TYR,0.3210,-1
A,240,LYS,0.3211,-1
A,241,ILE,0.3227,-1
A,242,ALA,0.3237,-1
A,243,ASP,0.2979,-1
A,244,MET,0.2703,-1
A,245,GLY,0.2612,-1
A,246,HIS,0.2539,-1
A,247,LEU,0.2357,-1
A,248,LYS,0.2807,-1
A,249,TYR,0.3391,-1
A,250,TYR,0.4375,-1
A,251,LEU,0.4156,-1
A,252,ALA,0.4200,-1
A,253,PRO,0.3911,-1
A,254,LYS,0.3640,-1
A,255,ILE,0.3681,-1
B,1,MET,0.1109,-1
B,2,PHE,0.1074,-1
B,3,GLU,0.0973,-1
B,4,ALA,0.0908,-1
B,5,ARG,0.0848,-1
B,6,LEU,0.0845,-1
B,7,VAL,0.0876,-1
B,8,GLN,0.0853,-1
B,9,GLY,0.0861,-1
B,10,SER,0.0843,-1
B,11,ILE,0.0748,-1
B,12,LEU,0.0748,-1
B,13,LYS,0.0747,-1
B,14,LYS,0.0740,-1
B,15,VAL,0.0826,-1
B,16,LEU,0.0831,-1
B,17,GLU,0.0865,-1
B,18,ALA,0.0901,-1
B,19,LEU,0.0823,-1
B,20,LYS,0.0832,-1
B,21,ASP,0.0855,-1
B,22,LEU,0.0914,-1
B,23,ILE,0.1414,-1
B,24,ASN,0.1543,-1
B,25,GLU,0.4549,-1
B,26,ALA,0.5209,1
B,27,CYS,0.4712,-1
B,28,TRP,0.2041,-1
B,29,ASP,0.1388,-1
B,30,ILE,0.0976,-1
B,31,SER,0.0924,-1
B,32,SER,0.0911,-1
B,33,SER,0.0946,-1
B,34,GLY,0.0953,-1
B,35,VAL,0.0980,-1
B,36,ASN,0.1334,-1
B,37,LEU,0.1803,-1
B,38,GLN,0.5062,1
B,39,SER,0.5574,1
B,40,MET,0.5423,1
B,41,ASP,0.5248,1
B,42,SER,0.5692,1
B,43,SER,0.5665,1
B,44,HIS,0.5598,1
B,45,VAL,0.5221,1
B,46,SER,0.4821,-1
B,47,LEU,0.4644,-1
B,48,VAL,0.3242,-1
B,49,GLN,0.1674,-1
B,50,LEU,0.1436,-1
B,51,THR,0.1023,-1
B,52,LEU,0.0978,-1
B,53,ARG,0.0889,-1
B,54,SER,0.0863,-1
B,55,GLU,0.0838,-1
B,56,GLY,0.0839,-1
B,57,PHE,0.0811,-1
B,58,ASP,0.0827,-1
B,59,THR,0.0851,-1
B,60,TYR,0.0864,-1
B,61,ARG,0.0872,-1
B,62,CYS,0.0897,-1
B,63,ASP,0.0991,-1
B,64,ARG,0.0997,-1
B,65,ASN,0.0912,-1
B,66,LEU,0.1039,-1
B,67,ALA,0.1348,-1
B,68,MET,0.1650,-1
B,69,GLY,0.2269,-1
B,70,VAL,0.1802,-1
B,71,ASN,0.1580,-1
B,72,LEU,0.1252,-1
B,73,THR,0.1089,-1
B,74,SER,0.1020,-1
B,75,MET,0.1046,-1
B,76,SER,0.0980,-1
B,77,LYS,0.0998,-1
B,78,ILE,0.1011,-1
B,79,LEU,0.1041,-1
B,80,LYS,0.1328,-1
B,81,CYS,0.1909,-1
B,82,ALA,0.2478,-1
B,83,GLY,0.2867,-1
B,84,ASN,0.2678,-1
B,85,GLU,0.2439,-1
B,86,ASP,0.2239,-1
B,87,ILE,0.1992,-1
B,88,ILE,0.1801,-1
B,89,THR,0.1777,-1
B,90,LEU,0.2039,-1
B,91,ARG,0.1937,-1
B,92,ALA,0.2209,-1
B,93,GLU,0.2246,-1
B,94,ASP,0.2202,-1
B,95,ASN,0.2551,-1
B,96,ALA,0.2541,-1
B,97,ASP,0.2538,-1
B,98,THR,0.2381,-1
B,99,LEU,0.2303,-1
B,100,ALA,0.2131,-1
B,101,LEU,0.2239,-1
B,102,VAL,0.2657,-1
B,103,PHE,0.3354,-1
B,104,GLU,0.3400,-1
B,105,ALA,0.3624,-1
B,106,PRO,0.3132,-1
B,107,ASN,0.3058,-1
B,108,GLN,0.2510,-1
B,109,GLU,0.2303,-1
B,110,LYS,0.1956,-1
B,111,VAL,0.1780,-1
B,112,SER,0.1569,-1
B,113,ASP,0.1581,-1
B,114,TYR,0.1600,-1
B,115,GLU,0.2241,-1
B,116,MET,0.2639,-1
B,117,LYS,0.3334,-1
B,118,LEU,0.3597,-1
B,119,MET,0.3756,-1
B,120,ASP,0.4145,-1
B,121,LEU,0.4263,-1
B,122,ASP,0.4405,-1
B,123,VAL,0.4424,-1
B,124,GLU,0.4417,-1
B,125,GLN,0.4386,-1
B,126,LEU,0.4353,-1
B,127,GLY,0.4244,-1
B,128,ILE,0.4028,-1
B,129,PRO,0.3572,-1
B,130,GLU,0.2933,-1
B,131,GLN,0.2536,-1
B,132,GLU,0.2118,-1
B,133,TYR,0.1834,-1
B,134,SER,0.1627,-1
B,135,CYS,0.1559,-1
B,136,VAL,0.1471,-1
B,137,VAL,0.1570,-1
B,138,LYS,0.1371,-1
B,139,MET,0.1343,-1
B,140,PRO,0.1166,-1
B,141,SER,0.1108,-1
B,142,GLY,0.1076,-1
B,143,GLU,0.0983,-1
B,144,PHE,0.0918,-1
B,145,ALA,0.0844,-1
B,146,ARG,0.0755,-1
B,147,ILE,0.0773,-1
B,148,CYS,0.0782,-1
B,149,ARG,0.0774,-1
B,150,ASP,0.0903,-1
B,151,LEU,0.1006,-1
B,152,SER,0.1056,-1
B,153,HIS,0.1274,-1
B,154,ILE,0.1836,-1
B,155,GLY,0.2424,-1
B,156,ASP,0.2191,-1
B,157,ALA,0.2428,-1
B,158,VAL,0.2692,-1
B,159,VAL,0.2925,-1
B,160,ILE,0.3069,-1
B,161,SER,0.2777,-1
B,162,CYS,0.2512,-1
B,163,ALA,0.2405,-1
B,164,LYS,0.2214,-1
B,165,ASP,0.2314,-1
B,166,GLY,0.2257,-1
B,167,VAL,0.2138,-1
B,168,LYS,0.2244,-1
B,169,PHE,0.2726,-1
B,170,SER,0.3627,-1
B,171,ALA,0.3984,-1
B,172,SER,0.4019,-1
B,173,GLY,0.4143,-1
B,174,GLU,0.4024,-1
B,175,LEU,0.4004,-1
B,176,GLY,0.3891,-1
B,177,ASN,0.3824,-1
B,178,GLY,0.3386,-1
B,179,ASN,0.3108,-1
B,180,ILE,0.2645,-1
B,181,LYS,0.2643,-1
B,182,LEU,0.3247,-1
B,183,SER,0.3503,-1
B,184,GLN,0.3769,-1
B,185,THR,0.3994,-1
B,186,SER,0.4057,-1
B,187,ASN,0.4050,-1
B,188,VAL,0.3826,-1
B,189,ASP,0.3591,-1
B,190,LYS,0.3292,-1
B,191,GLU,0.2760,-1
B,192,GLU,0.2510,-1
B,193,GLU,0.2003,-1
B,194,ALA,0.2007,-1
B,195,VAL,0.2001,-1
B,196,THR,0.1968,-1
B,197,ILE,0.1813,-1
B,198,GLU,0.1802,-1
B,199,MET,0.1799,-1
B,200,ASN,0.1760,-1
B,201,GLU,0.1711,-1
B,202,PRO,0.1708,-1
B,203,VAL,0.1945,-1
B,204,GLN,0.1971,-1
B,205,LEU,0.2203,-1
B,206,THR,0.1919,-1
B,207,PHE,0.1760,-1
B,208,ALA,0.1522,-1
B,209,LEU,0.1324,-1
B,210,ARG,0.1213,-1
B,211,TYR,0.1073,-1
B,212,LEU,0.1005,-1
B,213,ASN,0.0904,-1
B,214,PHE,0.0907,-1
B,215,PHE,0.0851,-1
B,216,THR,0.0963,-1
B,217,LYS,0.0953,-1
B,218,ALA,0.0925,-1
B,219,THR,0.1275,-1
B,220,PRO,0.1643,-1
B,221,LEU,0.1922,-1
B,222,SER,0.1975,-1
B,223,SER,0.2129,-1
B,224,THR,0.2041,-1
B,225,VAL,0.2125,-1
B,226,THR,0.2093,-1
B,227,LEU,0.2676,-1
B,228,SER,0.3255,-1
B,229,MET,0.4153,-1
B,230,SER,0.4327,-1
B,231,ALA,0.4403,-1
B,232,ASP,0.4488,-1
B,233,VAL,0.4431,-1
B,234,PRO,0.4391,-1
B,235,LEU,0.4167,-1
B,236,VAL,0.3899,-1
B,237,VAL,0.3211,-1
B,238,GLU,0.2810,-1
B,239,TYR,0.2539,-1
B,240,LYS,0.2423,-1
B,241,ILE,0.2430,-1
B,242,ALA,0.2382,-1
B,243,ASP,0.2193,-1
B,244,MET,0.2026,-1
B,245,GLY,0.1956,-1
B,246,HIS,0.1957,-1
B,247,LEU,0.1960,-1
B,248,LYS,0.2367,-1
B,249,TYR,0.2971,-1
B,250,TYR,0.4050,-1
B,251,LEU,0.3808,-1
B,252,ALA,0.3854,-1
B,253,PRO,0.3549,-1
B,254,LYS,0.3235,-1
B,255,ILE,0.3155,-1
