region,chain,n_res,heavy_rmsf_mean_A,heavy_rmsf_max_A,sasa_mean_A2,sasa_std_A2,sasa_cv,sasa_range_A2,rg_mean_A,rg_std_A
front_face_pip_pocket,0,33,1.609378457069397,4.576578617095947,2458.566162109375,78.02281951904297,0.03173508867621422,408.292724609375,14.48853467899548,0.20970006206708244
front_face_pip_pocket,1,33,1.2453659772872925,3.185391902923584,2318.07470703125,59.93928146362305,0.025857355445623398,274.360595703125,14.440842519002826,0.1270072319390724
front_face_pip_pocket,2,33,1.4639403820037842,5.026979923248291,2194.581298828125,75.0357894897461,0.03419139236211777,356.482177734375,14.174952523019819,0.1561419097473826
cand_239-243,0,5,0.9765824675559998,3.088583469390869,332.1126708984375,27.357154846191406,0.08237311244010925,170.22171020507812,5.867960827184951,0.1191111645899606
cand_239-243,1,5,1.0647029876708984,3.4010818004608154,325.7039794921875,22.35558319091797,0.06863773614168167,118.24826049804688,5.956081638617413,0.12784365961351465
cand_239-243,2,5,0.9766589403152466,2.434191942214966,336.0247802734375,20.005098342895508,0.05953459069132805,123.86187744140625,5.9190816472214784,0.10854038811068947
cand_28-32,0,5,0.9069887399673462,1.6539273262023926,173.9743194580078,20.222801208496094,0.11624015122652054,83.0548095703125,5.962990980176864,0.09393970807712258
cand_28-32,1,5,0.8889679908752441,1.6581774950027466,188.7996063232422,14.746020317077637,0.07810408622026443,74.55496215820312,5.890277505652298,0.09531600424118102
cand_28-32,2,5,0.9698432087898254,2.025449275970459,184.4709014892578,14.419715881347656,0.07816796749830246,76.013916015625,5.928815902830884,0.09280343237382338
cand_206-210,0,5,1.061750054359436,3.8866922855377197,198.47027587890625,22.595273971557617,0.11384714394807816,117.58474731445312,5.902122175632035,0.19953859088726697
cand_206-210,1,5,1.0030691623687744,3.7878174781799316,189.57492065429688,19.36626434326172,0.10215625911951065,92.40574645996094,6.044234168673259,0.19207583902711414
cand_206-210,2,5,1.017405390739441,3.1149516105651855,218.95269775390625,20.22514533996582,0.09237221628427505,94.99372863769531,6.132777212948022,0.15347269102890293
cand_134-138,0,5,1.05714750289917,2.6788439750671387,163.2578125,21.799299240112305,0.13352683186531067,103.38736724853516,5.687880958318308,0.2058686648323006
cand_134-138,1,5,0.9219275712966919,1.5167409181594849,125.26152038574219,20.69063949584961,0.1651795357465744,105.5326919555664,5.915916124727919,0.08431602849635879
cand_134-138,2,5,1.066811442375183,2.270533800125122,154.77976989746094,27.722909927368164,0.17911197245121002,141.24166870117188,5.815914085323459,0.13759873801672198
ref_118-122,0,5,1.7672529220581055,4.32399845123291,453.79608154296875,22.588394165039062,0.049776528030633926,123.71133422851562,5.402981994421684,0.2186311059818376
ref_118-122,1,5,1.4248874187469482,2.7574925422668457,434.9795227050781,22.98059844970703,0.05283144861459732,127.64544677734375,5.327670716132918,0.1603317428265716
ref_118-122,2,5,1.3074884414672852,2.5872514247894287,453.2632751464844,17.942054748535156,0.03958417847752571,80.58920288085938,5.459473599083692,0.13487013127139563
