replicate,window,chain_index,residue,resname,rmsf_nm
replicate_01,239-243,0,239,TYR,0.0611095204949379
replicate_01,239-243,0,240,LYS,0.06614948064088821
replicate_01,239-243,0,241,ILE,0.07174720615148544
replicate_01,239-243,0,242,ALA,0.093271404504776
replicate_01,239-243,0,243,ASP,0.09432604908943176
replicate_01,239-243,1,239,TYR,0.06637299805879593
replicate_01,239-243,1,240,LYS,0.07474030554294586
replicate_01,239-243,1,241,ILE,0.07438495010137558
replicate_01,239-243,1,242,ALA,0.11024336516857147
replicate_01,239-243,1,243,ASP,0.10384920239448547
replicate_01,239-243,2,239,TYR,0.062430426478385925
replicate_01,239-243,2,240,LYS,0.0718817487359047
replicate_01,239-243,2,241,ILE,0.07249284535646439
replicate_01,239-243,2,242,ALA,0.09378377348184586
replicate_01,239-243,2,243,ASP,0.10190867632627487
replicate_01,28-32,0,28,TRP,0.07347919046878815
replicate_01,28-32,0,29,ASP,0.0773986354470253
replicate_01,28-32,0,30,ILE,0.07910735160112381
replicate_01,28-32,0,31,SER,0.08607444167137146
replicate_01,28-32,0,32,SER,0.09119181334972382
replicate_01,28-32,1,28,TRP,0.07175668329000473
replicate_01,28-32,1,29,ASP,0.07092573493719101
replicate_01,28-32,1,30,ILE,0.07175402343273163
replicate_01,28-32,1,31,SER,0.08346061408519745
replicate_01,28-32,1,32,SER,0.09852808713912964
replicate_01,28-32,2,28,TRP,0.08006400614976883
replicate_01,28-32,2,29,ASP,0.07645172625780106
replicate_01,28-32,2,30,ILE,0.0756322517991066
replicate_01,28-32,2,31,SER,0.08575267344713211
replicate_01,28-32,2,32,SER,0.0957871749997139
replicate_01,206-210,0,206,THR,0.07723286747932434
replicate_01,206-210,0,207,PHE,0.06986890733242035
replicate_01,206-210,0,208,ALA,0.0782049223780632
replicate_01,206-210,0,209,LEU,0.06701754778623581
replicate_01,206-210,0,210,ARG,0.07343726605176926
replicate_01,206-210,1,206,THR,0.06706073135137558
replicate_01,206-210,1,207,PHE,0.06667275726795197
replicate_01,206-210,1,208,ALA,0.06887084990739822
replicate_01,206-210,1,209,LEU,0.06782784312963486
replicate_01,206-210,1,210,ARG,0.07917138189077377
replicate_01,206-210,2,206,THR,0.07975541800260544
replicate_01,206-210,2,207,PHE,0.07540541887283325
replicate_01,206-210,2,208,ALA,0.08031788468360901
replicate_01,206-210,2,209,LEU,0.07453475147485733
replicate_01,206-210,2,210,ARG,0.08559565991163254
replicate_01,134-138,0,134,SER,0.1017548143863678
replicate_01,134-138,0,135,CYS,0.08096276968717575
replicate_01,134-138,0,136,VAL,0.07504388689994812
replicate_01,134-138,0,137,VAL,0.07084496319293976
replicate_01,134-138,0,138,LYS,0.0715368464589119
replicate_01,134-138,1,134,SER,0.09516475349664688
replicate_01,134-138,1,135,CYS,0.08360158652067184
replicate_01,134-138,1,136,VAL,0.07585658878087997
replicate_01,134-138,1,137,VAL,0.07102618366479874
replicate_01,134-138,1,138,LYS,0.07741302996873856
replicate_01,134-138,2,134,SER,0.13201358914375305
replicate_01,134-138,2,135,CYS,0.09686746448278427
replicate_01,134-138,2,136,VAL,0.08318686485290527
replicate_01,134-138,2,137,VAL,0.07124117761850357
replicate_01,134-138,2,138,LYS,0.07167594879865646
replicate_01,118-122_reference,0,118,LEU,0.08550544828176498
replicate_01,118-122_reference,0,119,MET,0.10160411894321442
replicate_01,118-122_reference,0,120,ASP,0.1334785372018814
replicate_01,118-122_reference,0,121,LEU,0.14353151619434357
replicate_01,118-122_reference,0,122,ASP,0.28453612327575684
replicate_01,118-122_reference,1,118,LEU,0.08330138772726059
replicate_01,118-122_reference,1,119,MET,0.09476346522569656
replicate_01,118-122_reference,1,120,ASP,0.11514148861169815
replicate_01,118-122_reference,1,121,LEU,0.11024369299411774
replicate_01,118-122_reference,1,122,ASP,0.17564718425273895
replicate_01,118-122_reference,2,118,LEU,0.08343479037284851
replicate_01,118-122_reference,2,119,MET,0.09970935434103012
replicate_01,118-122_reference,2,120,ASP,0.1175573542714119
replicate_01,118-122_reference,2,121,LEU,0.11438164114952087
replicate_01,118-122_reference,2,122,ASP,0.14273647964000702
replicate_02,239-243,0,239,TYR,0.06973111629486084
replicate_02,239-243,0,240,LYS,0.06786862015724182
replicate_02,239-243,0,241,ILE,0.08457174897193909
replicate_02,239-243,0,242,ALA,0.10748787224292755
replicate_02,239-243,0,243,ASP,0.10225719213485718
replicate_02,239-243,1,239,TYR,0.05369089916348457
replicate_02,239-243,1,240,LYS,0.06263530254364014
replicate_02,239-243,1,241,ILE,0.07788819819688797
replicate_02,239-243,1,242,ALA,0.12983809411525726
replicate_02,239-243,1,243,ASP,0.14108522236347198
replicate_02,239-243,2,239,TYR,0.05671198293566704
replicate_02,239-243,2,240,LYS,0.06988105177879333
replicate_02,239-243,2,241,ILE,0.07632458955049515
replicate_02,239-243,2,242,ALA,0.12062496691942215
replicate_02,239-243,2,243,ASP,0.12270861119031906
replicate_02,28-32,0,28,TRP,0.07110515981912613
replicate_02,28-32,0,29,ASP,0.07648251205682755
replicate_02,28-32,0,30,ILE,0.07962052524089813
replicate_02,28-32,0,31,SER,0.08936517685651779
replicate_02,28-32,0,32,SER,0.10680403560400009
replicate_02,28-32,1,28,TRP,0.06236116588115692
replicate_02,28-32,1,29,ASP,0.06792163848876953
replicate_02,28-32,1,30,ILE,0.0639488622546196
replicate_02,28-32,1,31,SER,0.06701914221048355
replicate_02,28-32,1,32,SER,0.07041842490434647
replicate_02,28-32,2,28,TRP,0.07416119426488876
replicate_02,28-32,2,29,ASP,0.07170163840055466
replicate_02,28-32,2,30,ILE,0.0749002993106842
replicate_02,28-32,2,31,SER,0.08191200345754623
replicate_02,28-32,2,32,SER,0.09715016931295395
replicate_02,206-210,0,206,THR,0.06459590792655945
replicate_02,206-210,0,207,PHE,0.060163483023643494
replicate_02,206-210,0,208,ALA,0.06547589600086212
replicate_02,206-210,0,209,LEU,0.06242861598730087
replicate_02,206-210,0,210,ARG,0.06953952461481094
replicate_02,206-210,1,206,THR,0.056388504803180695
replicate_02,206-210,1,207,PHE,0.06234291195869446
replicate_02,206-210,1,208,ALA,0.06904624402523041
replicate_02,206-210,1,209,LEU,0.06304559111595154
replicate_02,206-210,1,210,ARG,0.06285495311021805
replicate_02,206-210,2,206,THR,0.07225626707077026
replicate_02,206-210,2,207,PHE,0.05999194458127022
replicate_02,206-210,2,208,ALA,0.06325837224721909
replicate_02,206-210,2,209,LEU,0.061799969524145126
replicate_02,206-210,2,210,ARG,0.07142655551433563
replicate_02,134-138,0,134,SER,0.08554116636514664
replicate_02,134-138,0,135,CYS,0.07629363983869553
replicate_02,134-138,0,136,VAL,0.06771257519721985
replicate_02,134-138,0,137,VAL,0.06424620747566223
replicate_02,134-138,0,138,LYS,0.06753101944923401
replicate_02,134-138,1,134,SER,0.08057211339473724
replicate_02,134-138,1,135,CYS,0.06987431645393372
replicate_02,134-138,1,136,VAL,0.059189748018980026
replicate_02,134-138,1,137,VAL,0.05842654034495354
replicate_02,134-138,1,138,LYS,0.06273040175437927
replicate_02,134-138,2,134,SER,0.1051754504442215
replicate_02,134-138,2,135,CYS,0.08940453827381134
replicate_02,134-138,2,136,VAL,0.07989303767681122
replicate_02,134-138,2,137,VAL,0.07253459095954895
replicate_02,134-138,2,138,LYS,0.07336784154176712
replicate_02,118-122_reference,0,118,LEU,0.07490745186805725
replicate_02,118-122_reference,0,119,MET,0.09213700145483017
replicate_02,118-122_reference,0,120,ASP,0.10105182975530624
replicate_02,118-122_reference,0,121,LEU,0.09908268600702286
replicate_02,118-122_reference,0,122,ASP,0.1717066913843155
replicate_02,118-122_reference,1,118,LEU,0.06818405538797379
replicate_02,118-122_reference,1,119,MET,0.0864899531006813
replicate_02,118-122_reference,1,120,ASP,0.11290813982486725
replicate_02,118-122_reference,1,121,LEU,0.11696727573871613
replicate_02,118-122_reference,1,122,ASP,0.1493535339832306
replicate_02,118-122_reference,2,118,LEU,0.07069096714258194
replicate_02,118-122_reference,2,119,MET,0.0969158485531807
replicate_02,118-122_reference,2,120,ASP,0.10618121176958084
replicate_02,118-122_reference,2,121,LEU,0.09649290144443512
replicate_02,118-122_reference,2,122,ASP,0.16088691353797913
