chain,resid,resname,seed42_selected,seed43_selected,seed44_selected,n_seeds,score_seed42,score_seed43,score_seed44,rank_seed42,rank_seed43,rank_seed44,x,y,z,distance_to_consensus_centroid,category
A,25,GLU,True,True,True,3,0.634,0.5577,0.4054,28,14,7,19.053,8.838,-12.892,8.436053670833896,3/3 consensus core
A,26,ALA,True,True,True,3,0.6572,0.6048,0.423,12,5,1,17.288,6.854,-10.17,7.986534200589771,3/3 consensus core
A,27,CYS,False,True,True,2,0.595,0.6191,0.4152,33,2,3,13.837,6.248,-8.691,10.764073831328036,2/3 fringe
A,38,GLN,True,True,True,3,0.6665,0.5849,0.4033,9,8,8,17.712,0.747,-6.367,7.53089786937841,3/3 consensus core
A,39,SER,True,True,True,3,0.711,0.6273,0.4165,2,1,2,19.649,1.674,-9.508,4.0088590182368815,3/3 consensus core
A,40,MET,True,True,True,3,0.6763,0.6161,0.4104,4,3,4,22.672,0.71,-11.604,0.8962671024913638,3/3 consensus core
A,41,ASP,True,True,True,3,0.6557,0.5676,0.4019,13,11,9,25.358,2.765,-13.338,3.132627286960302,3/3 consensus core
A,42,SER,True,True,True,3,0.6521,0.6086,0.3952,15,4,17,25.664,3.277,-17.1,6.319852090538276,3/3 consensus core
A,43,SER,True,True,False,2,0.6398,0.6028,0.3855,24,6,25,27.794,0.19,-17.724,7.8431026670751285,2/3 fringe
A,44,HIS,True,True,True,3,0.6499,0.6003,0.3906,19,7,20,25.643,-1.95,-15.429,5.767857108848934,3/3 consensus core
A,45,VAL,True,True,True,3,0.6671,0.5684,0.3965,8,10,14,28.582,-3.183,-13.349,7.46203219888457,3/3 consensus core
A,46,SER,True,True,True,3,0.6574,0.5062,0.3983,11,21,13,27.616,-1.698,-9.983,5.8182601344160885,3/3 consensus core
A,47,LEU,True,True,True,3,0.646,0.5153,0.3886,22,20,22,24.353,-1.305,-8.068,4.72043955878043,3/3 consensus core
A,231,ALA,False,False,True,1,0.5333,0.48,0.3989,48,28,12,33.6,-16.656,-5.311,21.9411080455036,seed-specific 44
A,232,ASP,True,False,True,2,0.6738,0.499,0.4016,6,23,10,31.692,-16.029,-8.543,19.800976270488857,2/3 fringe
A,233,VAL,True,False,True,2,0.6653,0.4853,0.4075,10,24,6,29.418,-13.481,-6.866,16.974976232167297,2/3 fringe
A,234,PRO,True,False,True,2,0.6677,0.4746,0.4004,7,31,11,29.543,-9.665,-6.855,13.781480277100103,2/3 fringe
A,250,TYR,False,False,True,1,0.571,0.4375,0.3953,37,55,16,27.225,-4.184,-5.238,9.521618869752476,seed-specific 44
A,251,LEU,False,False,True,1,0.5914,0.4156,0.3932,34,71,19,30.116,-4.648,-7.667,10.175897176926066,seed-specific 44
A,252,ALA,True,False,False,1,0.6507,0.42,0.3739,17,68,30,30.784,-7.384,-10.225,11.874228031976305,seed-specific 42
