holdout,policy_id,robust_score,mean_f1,mean_recall,mean_precision,valid_cluster_rate,mean_seed_jaccard
1GQY,fixed_0p4_eps5_ms3_min3_mean_score,0.32810529242116676,0.19886508101611078,0.15384615384615385,0.4105057438390772,1.0,0.24324324324324323
1GQY,fixed_0p4_eps5_ms3_min3_mean_score_sqrt_size,0.41036140708599045,0.2038625822654861,0.17094017094017094,0.2651423353177739,1.0,0.5469713134186818
1GQY,fixed_0p4_eps6_ms3_min3_mean_score,0.3568633258493292,0.23375786854047725,0.20512820512820512,0.432410001037452,1.0,0.17647058823529413
1GQY,fixed_0p4_eps6_ms3_min3_mean_score_sqrt_size,0.5098023983737726,0.26801346801346804,0.2735042735042735,0.2695027328670259,1.0,0.6087720266342935
1GQY,fixed_0p4_eps7_ms3_min3_mean_score,0.39938146649411677,0.2675149665996348,0.2735042735042735,0.2696155274771627,1.0,0.16981132075471697
1GQY,fixed_0p4_eps7_ms3_min3_mean_score_sqrt_size,0.5161936692973246,0.28125413379473096,0.29914529914529914,0.27227728013891533,1.0,0.5641620177466465
1GQY,mcc_abs_eps5_ms3_min3_mean_score,0.1468374503706322,0.11852433281004711,0.07692307692307691,0.26153846153846155,1.0,0.0
1GQY,mcc_abs_eps5_ms3_min3_mean_score_sqrt_size,0.46789137192725266,0.22713726951015084,0.1623931623931624,0.38506787330316744,1.0,0.6369218500797448
1GQY,mcc_abs_eps6_ms3_min3_mean_score,0.32758158327659737,0.19874418762515697,0.1452991452991453,0.4259879905041195,1.0,0.23655913978494625
1GQY,mcc_abs_eps6_ms3_min3_mean_score_sqrt_size,0.4730107492747177,0.24141729551565616,0.21367521367521367,0.28168784620397525,1.0,0.5987213019471084
1GQY,mcc_abs_eps7_ms3_min3_mean_score,0.32758158327659737,0.19874418762515697,0.1452991452991453,0.4259879905041195,1.0,0.23655913978494625
1GQY,mcc_abs_eps7_ms3_min3_mean_score_sqrt_size,0.4730107492747177,0.24141729551565616,0.21367521367521367,0.28168784620397525,1.0,0.5987213019471084
1GQY,mcc_rank_count_eps5_ms3_min3_mean_score,0.3151709561265052,0.12551615445232467,0.07692307692307693,0.3573232323232323,1.0,0.19444444444444445
1GQY,mcc_rank_count_eps5_ms3_min3_mean_score_sqrt_size,0.4113389177120548,0.12487203206907185,0.07692307692307693,0.34145021645021645,1.0,0.5833333333333334
1GQY,mcc_rank_count_eps6_ms3_min3_mean_score,0.29276428486226047,0.12069881201956674,0.07692307692307693,0.3037518037518038,1.0,0.12962962962962962
1GQY,mcc_rank_count_eps6_ms3_min3_mean_score_sqrt_size,0.3705727465403431,0.11943797671617824,0.07692307692307693,0.275974025974026,1.0,0.44907407407407407
1GQY,mcc_rank_count_eps7_ms3_min3_mean_score,0.3011393548163872,0.09766850898926371,0.05982905982905983,0.31587301587301586,1.0,0.2777777777777778
1GQY,mcc_rank_count_eps7_ms3_min3_mean_score_sqrt_size,0.36351658705519685,0.11343158189519377,0.07692307692307693,0.22142857142857142,1.0,0.4522417153996101
1GQY,mcc_rank_fraction_eps5_ms3_min3_mean_score,0.4722248794439818,0.17563388991960419,0.11965811965811965,0.3416666666666667,1.0,0.530214424951267
1GQY,mcc_rank_fraction_eps5_ms3_min3_mean_score_sqrt_size,0.4722248794439818,0.17563388991960419,0.11965811965811965,0.3416666666666667,1.0,0.530214424951267
1GQY,mcc_rank_fraction_eps6_ms3_min3_mean_score,0.3247678721481243,0.16790931684548707,0.1111111111111111,0.4668803418803419,1.0,0.0
1GQY,mcc_rank_fraction_eps6_ms3_min3_mean_score_sqrt_size,0.4776044650060748,0.1590612777053455,0.1282051282051282,0.21153846153846154,1.0,0.6412698412698412
1GQY,mcc_rank_fraction_eps7_ms3_min3_mean_score,0.41045083517515474,0.17663817663817663,0.1282051282051282,0.405982905982906,1.0,0.2857142857142857
1GQY,mcc_rank_fraction_eps7_ms3_min3_mean_score_sqrt_size,0.4776044650060748,0.1590612777053455,0.1282051282051282,0.21153846153846154,1.0,0.6412698412698412
1GQY,mcc_rank_chain_fraction_eps5_ms3_min3_mean_score,0.48138154876893907,0.18380811444074482,0.11965811965811965,0.4060846560846561,1.0,0.5236111111111111
1GQY,mcc_rank_chain_fraction_eps5_ms3_min3_mean_score_sqrt_size,0.4097011998887377,0.18267432759267227,0.11965811965811965,0.39126984126984127,1.0,0.24444444444444444
1GQY,mcc_rank_chain_fraction_eps6_ms3_min3_mean_score,0.4607630001015622,0.17555984142290793,0.1282051282051282,0.294011544011544,1.0,0.4855555555555556
1GQY,mcc_rank_chain_fraction_eps6_ms3_min3_mean_score_sqrt_size,0.3896441156615364,0.16767162866654103,0.1282051282051282,0.24284195336826914,1.0,0.24
1GQY,mcc_rank_chain_fraction_eps7_ms3_min3_mean_score,0.4101908664058982,0.184274438372799,0.1282051282051282,0.4329004329004329,1.0,0.24
1GQY,mcc_rank_chain_fraction_eps7_ms3_min3_mean_score_sqrt_size,0.477923106387546,0.16867989646246762,0.1282051282051282,0.24771524771524772,1.0,0.5881481481481481
1GQY,fixed_rank_fraction_0p06_eps5_ms3_min3_mean_score,0.3443392592926755,0.1556122448979592,0.10256410256410256,0.34248366013071896,1.0,0.14035087719298245
1GQY,fixed_rank_fraction_0p06_eps5_ms3_min3_mean_score_sqrt_size,0.41916715151673817,0.16225475697525388,0.11965811965811965,0.2869281045751634,1.0,0.39572722127900395
1GQY,fixed_rank_fraction_0p06_eps6_ms3_min3_mean_score,0.4030395057678323,0.17288830332308594,0.1282051282051282,0.3950617283950617,1.0,0.2795698924731183
1GQY,fixed_rank_fraction_0p06_eps6_ms3_min3_mean_score_sqrt_size,0.493243619122267,0.16438799974081514,0.13675213675213674,0.20819304152637486,1.0,0.6826001955034213
1GQY,fixed_rank_fraction_0p06_eps7_ms3_min3_mean_score,0.4030395057678323,0.17288830332308594,0.1282051282051282,0.3950617283950617,1.0,0.2795698924731183
1GQY,fixed_rank_fraction_0p06_eps7_ms3_min3_mean_score_sqrt_size,0.493243619122267,0.16438799974081514,0.13675213675213674,0.20819304152637486,1.0,0.6826001955034213
2HNX,fixed_0p4_eps5_ms3_min3_mean_score,0.4994471497229858,0.34405834405834407,0.4074074074074074,0.37063492063492065,1.0,0.10714285714285715
2HNX,fixed_0p4_eps5_ms3_min3_mean_score_sqrt_size,0.5406742253623403,0.30376530376530375,0.4444444444444444,0.24906629318394025,1.0,0.48599439775910364
2HNX,fixed_0p4_eps6_ms3_min3_mean_score,0.4994471497229858,0.34405834405834407,0.4074074074074074,0.37063492063492065,1.0,0.10714285714285715
2HNX,fixed_0p4_eps6_ms3_min3_mean_score_sqrt_size,0.5157902804297129,0.2937937937937938,0.4814814814814815,0.23236331569664903,1.0,0.44047619047619047
2HNX,fixed_0p4_eps7_ms3_min3_mean_score,0.6185918232413952,0.3681765389082462,0.7037037037037037,0.27525252525252525,1.0,0.4215011961722488
2HNX,fixed_0p4_eps7_ms3_min3_mean_score_sqrt_size,0.6185918232413952,0.3681765389082462,0.7037037037037037,0.27525252525252525,1.0,0.4215011961722488
2HNX,mcc_abs_eps5_ms3_min3_mean_score,0.022474433786783626,0.08695652173913043,0.1111111111111111,0.07142857142857142,0.3333333333333333,0.3333333333333333
2HNX,mcc_abs_eps5_ms3_min3_mean_score_sqrt_size,-0.019278482543139866,0.05333333333333334,0.2222222222222222,0.030303030303030304,0.3333333333333333,0.3333333333333333
2HNX,mcc_abs_eps6_ms3_min3_mean_score,0.022474433786783626,0.08695652173913043,0.1111111111111111,0.07142857142857142,0.3333333333333333,0.3333333333333333
2HNX,mcc_abs_eps6_ms3_min3_mean_score_sqrt_size,-0.019278482543139866,0.05333333333333334,0.2222222222222222,0.030303030303030304,0.3333333333333333,0.3333333333333333
2HNX,mcc_abs_eps7_ms3_min3_mean_score,-0.0028621933560584907,0.06666666666666667,0.3333333333333333,0.037037037037037035,0.3333333333333333,0.3333333333333333
2HNX,mcc_abs_eps7_ms3_min3_mean_score_sqrt_size,-0.0028621933560584907,0.06666666666666667,0.3333333333333333,0.037037037037037035,0.3333333333333333,0.3333333333333333
2HNX,mcc_rank_count_eps5_ms3_min3_mean_score,0.4985905967778231,0.2714641412120404,0.6296296296296297,0.22043626023026772,1.0,0.1310861423220974
2HNX,mcc_rank_count_eps5_ms3_min3_mean_score_sqrt_size,0.5271856443555551,0.22588915446058302,0.6666666666666666,0.14305530784931533,1.0,0.4837702871410737
2HNX,mcc_rank_count_eps6_ms3_min3_mean_score,0.4985905967778231,0.2714641412120404,0.6296296296296297,0.22043626023026772,1.0,0.1310861423220974
2HNX,mcc_rank_count_eps6_ms3_min3_mean_score_sqrt_size,0.5271856443555551,0.22588915446058302,0.6666666666666666,0.14305530784931533,1.0,0.4837702871410737
2HNX,mcc_rank_count_eps7_ms3_min3_mean_score,0.6248024369892873,0.29439106512277247,0.8888888888888888,0.1814814814814815,1.0,0.515009746588694
2HNX,mcc_rank_count_eps7_ms3_min3_mean_score_sqrt_size,0.6248024369892873,0.29439106512277247,0.8888888888888888,0.1814814814814815,1.0,0.515009746588694
2HNX,mcc_rank_fraction_eps5_ms3_min3_mean_score,0.6754997489243666,0.37606837606837606,0.2962962962962963,0.5277777777777778,1.0,0.2380952380952381
2HNX,mcc_rank_fraction_eps5_ms3_min3_mean_score_sqrt_size,0.6841098465617427,0.33333333333333337,0.3333333333333333,0.36666666666666664,1.0,0.5047619047619047
2HNX,mcc_rank_fraction_eps6_ms3_min3_mean_score,0.7300728391533741,0.4121794871794872,0.3333333333333333,0.5595238095238095,1.0,0.20833333333333334
2HNX,mcc_rank_fraction_eps6_ms3_min3_mean_score_sqrt_size,0.7391699419425646,0.36944444444444446,0.37037037037037035,0.3984126984126984,1.0,0.49722222222222223
2HNX,mcc_rank_fraction_eps7_ms3_min3_mean_score,0.8045843292524065,0.425,0.48148148148148145,0.4323308270676692,1.0,0.4364035087719298
2HNX,mcc_rank_fraction_eps7_ms3_min3_mean_score_sqrt_size,0.8045843292524065,0.425,0.48148148148148145,0.4323308270676692,1.0,0.4364035087719298
2HNX,mcc_rank_chain_fraction_eps5_ms3_min3_mean_score,0.6754997489243666,0.37606837606837606,0.2962962962962963,0.5277777777777778,1.0,0.2380952380952381
2HNX,mcc_rank_chain_fraction_eps5_ms3_min3_mean_score_sqrt_size,0.6841098465617427,0.33333333333333337,0.3333333333333333,0.36666666666666664,1.0,0.5047619047619047
2HNX,mcc_rank_chain_fraction_eps6_ms3_min3_mean_score,0.7300728391533741,0.4121794871794872,0.3333333333333333,0.5595238095238095,1.0,0.20833333333333334
2HNX,mcc_rank_chain_fraction_eps6_ms3_min3_mean_score_sqrt_size,0.7391699419425646,0.36944444444444446,0.37037037037037035,0.3984126984126984,1.0,0.49722222222222223
2HNX,mcc_rank_chain_fraction_eps7_ms3_min3_mean_score,0.8045843292524065,0.425,0.48148148148148145,0.4323308270676692,1.0,0.4364035087719298
2HNX,mcc_rank_chain_fraction_eps7_ms3_min3_mean_score_sqrt_size,0.8045843292524065,0.425,0.48148148148148145,0.4323308270676692,1.0,0.4364035087719298
2HNX,fixed_rank_fraction_0p06_eps5_ms3_min3_mean_score,0.7299647513021745,0.3111111111111111,0.25925925925925924,0.3888888888888889,1.0,0.8095238095238095
2HNX,fixed_rank_fraction_0p06_eps5_ms3_min3_mean_score_sqrt_size,0.7299647513021745,0.3111111111111111,0.25925925925925924,0.3888888888888889,1.0,0.8095238095238095
2HNX,fixed_rank_fraction_0p06_eps6_ms3_min3_mean_score,0.7299647513021745,0.3111111111111111,0.25925925925925924,0.3888888888888889,1.0,0.8095238095238095
2HNX,fixed_rank_fraction_0p06_eps6_ms3_min3_mean_score_sqrt_size,0.7299647513021745,0.3111111111111111,0.25925925925925924,0.3888888888888889,1.0,0.8095238095238095
2HNX,fixed_rank_fraction_0p06_eps7_ms3_min3_mean_score,0.7299647513021745,0.3111111111111111,0.25925925925925924,0.3888888888888889,1.0,0.8095238095238095
2HNX,fixed_rank_fraction_0p06_eps7_ms3_min3_mean_score_sqrt_size,0.7299647513021745,0.3111111111111111,0.25925925925925924,0.3888888888888889,1.0,0.8095238095238095
2K1V,fixed_0p4_eps5_ms3_min3_mean_score,0.20650873819585444,0.2222222222222222,0.16666666666666666,0.3333333333333333,0.3333333333333333,0.3333333333333333
2K1V,fixed_0p4_eps5_ms3_min3_mean_score_sqrt_size,0.20650873819585444,0.2222222222222222,0.16666666666666666,0.3333333333333333,0.3333333333333333,0.3333333333333333
2K1V,fixed_0p4_eps6_ms3_min3_mean_score,0.20650873819585444,0.2222222222222222,0.16666666666666666,0.3333333333333333,0.3333333333333333,0.3333333333333333
2K1V,fixed_0p4_eps6_ms3_min3_mean_score_sqrt_size,0.20650873819585444,0.2222222222222222,0.16666666666666666,0.3333333333333333,0.3333333333333333,0.3333333333333333
2K1V,fixed_0p4_eps7_ms3_min3_mean_score,0.20650873819585444,0.2222222222222222,0.16666666666666666,0.3333333333333333,0.3333333333333333,0.3333333333333333
2K1V,fixed_0p4_eps7_ms3_min3_mean_score_sqrt_size,0.20650873819585444,0.2222222222222222,0.16666666666666666,0.3333333333333333,0.3333333333333333,0.3333333333333333
2K1V,mcc_abs_eps5_ms3_min3_mean_score,0.0,0.0,0.0,0.0,0.0,1.0
2K1V,mcc_abs_eps5_ms3_min3_mean_score_sqrt_size,0.0,0.0,0.0,0.0,0.0,1.0
2K1V,mcc_abs_eps6_ms3_min3_mean_score,0.0,0.0,0.0,0.0,0.0,1.0
2K1V,mcc_abs_eps6_ms3_min3_mean_score_sqrt_size,0.0,0.0,0.0,0.0,0.0,1.0
2K1V,mcc_abs_eps7_ms3_min3_mean_score,0.0,0.0,0.0,0.0,0.0,1.0
2K1V,mcc_abs_eps7_ms3_min3_mean_score_sqrt_size,0.0,0.0,0.0,0.0,0.0,1.0
2K1V,mcc_rank_count_eps5_ms3_min3_mean_score,0.7719341015523637,0.32575516693163753,1.0,0.1947682298725942,1.0,0.8795066413662239
2K1V,mcc_rank_count_eps5_ms3_min3_mean_score_sqrt_size,0.7719341015523637,0.32575516693163753,1.0,0.1947682298725942,1.0,0.8795066413662239
2K1V,mcc_rank_count_eps6_ms3_min3_mean_score,0.6731776308730438,0.2846035805626599,1.0,0.16688311688311688,1.0,0.7343434343434343
2K1V,mcc_rank_count_eps6_ms3_min3_mean_score_sqrt_size,0.6731776308730438,0.2846035805626599,1.0,0.16688311688311688,1.0,0.7343434343434343
2K1V,mcc_rank_count_eps7_ms3_min3_mean_score,0.6731776308730438,0.2846035805626599,1.0,0.16688311688311688,1.0,0.7343434343434343
2K1V,mcc_rank_count_eps7_ms3_min3_mean_score_sqrt_size,0.6731776308730438,0.2846035805626599,1.0,0.16688311688311688,1.0,0.7343434343434343
2K1V,mcc_rank_fraction_eps5_ms3_min3_mean_score,0.6953976270847433,0.4444444444444444,0.3333333333333333,0.6666666666666666,0.6666666666666666,0.3333333333333333
2K1V,mcc_rank_fraction_eps5_ms3_min3_mean_score_sqrt_size,0.6953976270847433,0.4444444444444444,0.3333333333333333,0.6666666666666666,0.6666666666666666,0.3333333333333333
2K1V,mcc_rank_fraction_eps6_ms3_min3_mean_score,0.6953976270847433,0.4444444444444444,0.3333333333333333,0.6666666666666666,0.6666666666666666,0.3333333333333333
2K1V,mcc_rank_fraction_eps6_ms3_min3_mean_score_sqrt_size,0.6953976270847433,0.4444444444444444,0.3333333333333333,0.6666666666666666,0.6666666666666666,0.3333333333333333
2K1V,mcc_rank_fraction_eps7_ms3_min3_mean_score,0.6953976270847433,0.4444444444444444,0.3333333333333333,0.6666666666666666,0.6666666666666666,0.3333333333333333
2K1V,mcc_rank_fraction_eps7_ms3_min3_mean_score_sqrt_size,0.6953976270847433,0.4444444444444444,0.3333333333333333,0.6666666666666666,0.6666666666666666,0.3333333333333333
2K1V,mcc_rank_chain_fraction_eps5_ms3_min3_mean_score,0.09999999999999998,0.0,0.0,0.0,0.0,1.0
2K1V,mcc_rank_chain_fraction_eps5_ms3_min3_mean_score_sqrt_size,0.09999999999999998,0.0,0.0,0.0,0.0,1.0
2K1V,mcc_rank_chain_fraction_eps6_ms3_min3_mean_score,0.1063362460652848,0.07407407407407407,0.05555555555555555,0.1111111111111111,0.3333333333333333,0.3333333333333333
2K1V,mcc_rank_chain_fraction_eps6_ms3_min3_mean_score_sqrt_size,0.1063362460652848,0.07407407407407407,0.05555555555555555,0.1111111111111111,0.3333333333333333,0.3333333333333333
2K1V,mcc_rank_chain_fraction_eps7_ms3_min3_mean_score,0.1063362460652848,0.07407407407407407,0.05555555555555555,0.1111111111111111,0.3333333333333333,0.3333333333333333
2K1V,mcc_rank_chain_fraction_eps7_ms3_min3_mean_score_sqrt_size,0.1063362460652848,0.07407407407407407,0.05555555555555555,0.1111111111111111,0.3333333333333333,0.3333333333333333
2K1V,fixed_rank_fraction_0p06_eps5_ms3_min3_mean_score,0.6953976270847433,0.4444444444444444,0.3333333333333333,0.6666666666666666,0.6666666666666666,0.3333333333333333
2K1V,fixed_rank_fraction_0p06_eps5_ms3_min3_mean_score_sqrt_size,0.6953976270847433,0.4444444444444444,0.3333333333333333,0.6666666666666666,0.6666666666666666,0.3333333333333333
2K1V,fixed_rank_fraction_0p06_eps6_ms3_min3_mean_score,0.6953976270847433,0.4444444444444444,0.3333333333333333,0.6666666666666666,0.6666666666666666,0.3333333333333333
2K1V,fixed_rank_fraction_0p06_eps6_ms3_min3_mean_score_sqrt_size,0.6953976270847433,0.4444444444444444,0.3333333333333333,0.6666666666666666,0.6666666666666666,0.3333333333333333
2K1V,fixed_rank_fraction_0p06_eps7_ms3_min3_mean_score,0.6953976270847433,0.4444444444444444,0.3333333333333333,0.6666666666666666,0.6666666666666666,0.3333333333333333
2K1V,fixed_rank_fraction_0p06_eps7_ms3_min3_mean_score_sqrt_size,0.6953976270847433,0.4444444444444444,0.3333333333333333,0.6666666666666666,0.6666666666666666,0.3333333333333333
2WER,fixed_0p4_eps5_ms3_min3_mean_score,0.5430739305689503,0.32392552980788275,0.24444444444444444,0.5634920634920635,1.0,0.41200828157349895
2WER,fixed_0p4_eps5_ms3_min3_mean_score_sqrt_size,0.5430739305689503,0.32392552980788275,0.24444444444444444,0.5634920634920635,1.0,0.41200828157349895
2WER,fixed_0p4_eps6_ms3_min3_mean_score,0.5925825570517282,0.35391934551598414,0.2777777777777778,0.5722639933166249,1.0,0.44687806472703495
2WER,fixed_0p4_eps6_ms3_min3_mean_score_sqrt_size,0.5925825570517282,0.35391934551598414,0.2777777777777778,0.5722639933166249,1.0,0.44687806472703495
2WER,fixed_0p4_eps7_ms3_min3_mean_score,0.5925825570517282,0.35391934551598414,0.2777777777777778,0.5722639933166249,1.0,0.44687806472703495
2WER,fixed_0p4_eps7_ms3_min3_mean_score_sqrt_size,0.5925825570517282,0.35391934551598414,0.2777777777777778,0.5722639933166249,1.0,0.44687806472703495
2WER,mcc_abs_eps5_ms3_min3_mean_score,0.44177791116425974,0.3100714159537689,0.2222222222222222,0.6793650793650794,1.0,0.07936507936507936
2WER,mcc_abs_eps5_ms3_min3_mean_score_sqrt_size,0.5497623756689605,0.3338024640750609,0.24444444444444444,0.6533910533910534,1.0,0.3823953823953824
2WER,mcc_abs_eps6_ms3_min3_mean_score,0.4623784704663884,0.32524448375841564,0.23333333333333334,0.6912698412698413,1.0,0.07936507936507936
2WER,mcc_abs_eps6_ms3_min3_mean_score_sqrt_size,0.5865398792810611,0.359516209584609,0.26666666666666666,0.6720390720390721,1.0,0.3893883893883894
2WER,mcc_abs_eps7_ms3_min3_mean_score,0.4623784704663884,0.32524448375841564,0.23333333333333334,0.6912698412698413,1.0,0.07936507936507936
2WER,mcc_abs_eps7_ms3_min3_mean_score_sqrt_size,0.5865398792810611,0.359516209584609,0.26666666666666666,0.6720390720390721,1.0,0.3893883893883894
2WER,mcc_rank_count_eps5_ms3_min3_mean_score,0.5867225914440561,0.3258920130729546,0.25555555555555554,0.4941724941724942,1.0,0.14814814814814814
2WER,mcc_rank_count_eps5_ms3_min3_mean_score_sqrt_size,0.7906466966599536,0.4045046432518164,0.34444444444444444,0.5361496740807086,1.0,0.5079365079365079
2WER,mcc_rank_count_eps6_ms3_min3_mean_score,0.6349727850330139,0.35138727577751966,0.2777777777777778,0.5181041181041182,1.0,0.1728395061728395
2WER,mcc_rank_count_eps6_ms3_min3_mean_score_sqrt_size,0.7906466966599536,0.4045046432518164,0.34444444444444444,0.5361496740807086,1.0,0.5079365079365079
2WER,mcc_rank_count_eps7_ms3_min3_mean_score,0.6349727850330139,0.35138727577751966,0.2777777777777778,0.5181041181041182,1.0,0.1728395061728395
2WER,mcc_rank_count_eps7_ms3_min3_mean_score_sqrt_size,0.7825639505294576,0.40576013603273287,0.35555555555555557,0.5281385281385281,1.0,0.46872082166199813
2WER,mcc_rank_fraction_eps5_ms3_min3_mean_score,0.5746641391020475,0.3139021374315492,0.23333333333333334,0.5436507936507936,1.0,0.19444444444444445
2WER,mcc_rank_fraction_eps5_ms3_min3_mean_score_sqrt_size,0.6381205612653761,0.3189856523189857,0.24444444444444444,0.5376984126984127,1.0,0.4211111111111111
2WER,mcc_rank_fraction_eps6_ms3_min3_mean_score,0.639899310123998,0.3633657887258641,0.2777777777777778,0.5753968253968254,1.0,0.16666666666666666
2WER,mcc_rank_fraction_eps6_ms3_min3_mean_score_sqrt_size,0.720185254001846,0.3684493036133005,0.28888888888888886,0.5694444444444444,1.0,0.46
2WER,mcc_rank_fraction_eps7_ms3_min3_mean_score,0.639899310123998,0.3633657887258641,0.2777777777777778,0.5753968253968254,1.0,0.16666666666666666
2WER,mcc_rank_fraction_eps7_ms3_min3_mean_score_sqrt_size,0.720185254001846,0.3684493036133005,0.28888888888888886,0.5694444444444444,1.0,0.46
2WER,mcc_rank_chain_fraction_eps5_ms3_min3_mean_score,0.5710870161709941,0.3159041394335512,0.23333333333333334,0.5753968253968254,1.0,0.16666666666666666
2WER,mcc_rank_chain_fraction_eps5_ms3_min3_mean_score_sqrt_size,0.6412377380136888,0.32354996505939904,0.24444444444444444,0.5760869565217391,1.0,0.40640096618357485
2WER,mcc_rank_chain_fraction_eps6_ms3_min3_mean_score,0.7299970037569079,0.37660301811245206,0.28888888888888886,0.6197377501725327,1.0,0.4514492753623189
2WER,mcc_rank_chain_fraction_eps6_ms3_min3_mean_score_sqrt_size,0.7299970037569079,0.37660301811245206,0.28888888888888886,0.6197377501725327,1.0,0.4514492753623189
2WER,mcc_rank_chain_fraction_eps7_ms3_min3_mean_score,0.7299970037569079,0.37660301811245206,0.28888888888888886,0.6197377501725327,1.0,0.4514492753623189
2WER,mcc_rank_chain_fraction_eps7_ms3_min3_mean_score_sqrt_size,0.7299970037569079,0.37660301811245206,0.28888888888888886,0.6197377501725327,1.0,0.4514492753623189
2WER,fixed_rank_fraction_0p06_eps5_ms3_min3_mean_score,0.7121774909587745,0.31502233941258334,0.2111111111111111,0.6446608946608947,1.0,0.7121212121212122
2WER,fixed_rank_fraction_0p06_eps5_ms3_min3_mean_score_sqrt_size,0.7121774909587745,0.31502233941258334,0.2111111111111111,0.6446608946608947,1.0,0.7121212121212122
2WER,fixed_rank_fraction_0p06_eps6_ms3_min3_mean_score,0.8162129689006783,0.40150417008046047,0.28888888888888886,0.6651126651126651,1.0,0.626797385620915
2WER,fixed_rank_fraction_0p06_eps6_ms3_min3_mean_score_sqrt_size,0.8162129689006783,0.40150417008046047,0.28888888888888886,0.6651126651126651,1.0,0.626797385620915
2WER,fixed_rank_fraction_0p06_eps7_ms3_min3_mean_score,0.8162129689006783,0.40150417008046047,0.28888888888888886,0.6651126651126651,1.0,0.626797385620915
2WER,fixed_rank_fraction_0p06_eps7_ms3_min3_mean_score_sqrt_size,0.8162129689006783,0.40150417008046047,0.28888888888888886,0.6651126651126651,1.0,0.626797385620915
3FU8,fixed_0p4_eps5_ms3_min3_mean_score,0.2518730264339243,0.1433823529411765,0.15555555555555556,0.13312693498452013,1.0,0.2380952380952381
3FU8,fixed_0p4_eps5_ms3_min3_mean_score_sqrt_size,0.30409268395513117,0.14310904612628753,0.24444444444444444,0.11133665769383523,1.0,0.45436359089772443
3FU8,fixed_0p4_eps6_ms3_min3_mean_score,0.330862789511735,0.17583333333333334,0.4,0.12730015082956259,1.0,0.37606837606837606
3FU8,fixed_0p4_eps6_ms3_min3_mean_score_sqrt_size,0.330862789511735,0.17583333333333334,0.4,0.12730015082956259,1.0,0.37606837606837606
3FU8,fixed_0p4_eps7_ms3_min3_mean_score,0.330862789511735,0.17583333333333334,0.4,0.12730015082956259,1.0,0.37606837606837606
3FU8,fixed_0p4_eps7_ms3_min3_mean_score_sqrt_size,0.330862789511735,0.17583333333333334,0.4,0.12730015082956259,1.0,0.37606837606837606
3FU8,mcc_abs_eps5_ms3_min3_mean_score,0.2518730264339243,0.1433823529411765,0.15555555555555556,0.13312693498452013,1.0,0.2380952380952381
3FU8,mcc_abs_eps5_ms3_min3_mean_score_sqrt_size,0.31655228881830316,0.14543153326904534,0.24444444444444444,0.11296626936254403,1.0,0.4860590257431931
3FU8,mcc_abs_eps6_ms3_min3_mean_score,0.2556763706132712,0.17418091168091168,0.37777777777777777,0.12697167755991284,1.0,0.07555555555555556
3FU8,mcc_abs_eps6_ms3_min3_mean_score_sqrt_size,0.3423808743301329,0.17860887996430164,0.4,0.12915032679738564,1.0,0.3998527443105756
3FU8,mcc_abs_eps7_ms3_min3_mean_score,0.25470363390800016,0.17342358180965775,0.37777777777777777,0.12639297385620915,1.0,0.07555555555555556
3FU8,mcc_abs_eps7_ms3_min3_mean_score_sqrt_size,0.34039468330394984,0.17784391534391536,0.4,0.1285819835180449,1.0,0.39577639751552796
3FU8,mcc_rank_count_eps5_ms3_min3_mean_score,0.380899794104285,0.15019762845849804,0.1111111111111111,0.23214285714285712,1.0,0.3333333333333333
3FU8,mcc_rank_count_eps5_ms3_min3_mean_score_sqrt_size,0.4744597098867655,0.16016830294530157,0.15555555555555556,0.17083333333333334,1.0,0.6569444444444444
3FU8,mcc_rank_count_eps6_ms3_min3_mean_score,0.2756398729211316,0.1329335332333833,0.1111111111111111,0.17261904761904762,1.0,0.0
3FU8,mcc_rank_count_eps6_ms3_min3_mean_score_sqrt_size,0.4744597098867655,0.16016830294530157,0.15555555555555556,0.17083333333333334,1.0,0.6569444444444444
3FU8,mcc_rank_count_eps7_ms3_min3_mean_score,0.2756398729211316,0.1329335332333833,0.1111111111111111,0.17261904761904762,1.0,0.0
3FU8,mcc_rank_count_eps7_ms3_min3_mean_score_sqrt_size,0.4744597098867655,0.16016830294530157,0.15555555555555556,0.17083333333333334,1.0,0.6569444444444444
3FU8,mcc_rank_fraction_eps5_ms3_min3_mean_score,0.3496689726537388,0.14472643896268186,0.15555555555555556,0.135577915376677,1.0,0.2222222222222222
3FU8,mcc_rank_fraction_eps5_ms3_min3_mean_score_sqrt_size,0.44268524816182253,0.15779833438751845,0.24444444444444444,0.12422936077504287,1.0,0.5210303388494878
3FU8,mcc_rank_fraction_eps6_ms3_min3_mean_score,0.45974014447659095,0.18659812409812412,0.4,0.13510528100908434,1.0,0.4147515235025385
3FU8,mcc_rank_fraction_eps6_ms3_min3_mean_score_sqrt_size,0.45974014447659095,0.18659812409812412,0.4,0.13510528100908434,1.0,0.4147515235025385
3FU8,mcc_rank_fraction_eps7_ms3_min3_mean_score,0.41911237296282955,0.18639719984656694,0.5555555555555556,0.13142297297895023,1.0,0.2532471113116274
3FU8,mcc_rank_fraction_eps7_ms3_min3_mean_score_sqrt_size,0.41911237296282955,0.18639719984656694,0.5555555555555556,0.13142297297895023,1.0,0.2532471113116274
3FU8,mcc_rank_chain_fraction_eps5_ms3_min3_mean_score,0.4144926281652154,0.14283249956874247,0.13333333333333333,0.1719924812030075,1.0,0.49086257309941517
3FU8,mcc_rank_chain_fraction_eps5_ms3_min3_mean_score_sqrt_size,0.451426514022306,0.1688380366328542,0.24444444444444444,0.13746251874062967,1.0,0.49843163524620665
3FU8,mcc_rank_chain_fraction_eps6_ms3_min3_mean_score,0.46773881353129493,0.1954398238113745,0.4,0.14413992869875222,1.0,0.3961217902394373
3FU8,mcc_rank_chain_fraction_eps6_ms3_min3_mean_score_sqrt_size,0.46773881353129493,0.1954398238113745,0.4,0.14413992869875222,1.0,0.3961217902394373
3FU8,mcc_rank_chain_fraction_eps7_ms3_min3_mean_score,0.4271726449254843,0.19407587745993102,0.5555555555555556,0.13964646464646463,1.0,0.2428956228956229
3FU8,mcc_rank_chain_fraction_eps7_ms3_min3_mean_score_sqrt_size,0.4271726449254843,0.19407587745993102,0.5555555555555556,0.13964646464646463,1.0,0.2428956228956229
3FU8,fixed_rank_fraction_0p06_eps5_ms3_min3_mean_score,0.412055515918705,0.17751084417751084,0.2,0.16450216450216448,1.0,0.2898550724637681
3FU8,fixed_rank_fraction_0p06_eps5_ms3_min3_mean_score_sqrt_size,0.5646054165032859,0.18527098527098526,0.22222222222222224,0.15894660894660895,1.0,0.8530961791831357
3FU8,fixed_rank_fraction_0p06_eps6_ms3_min3_mean_score,0.5635493424882533,0.22889065536124362,0.35555555555555557,0.17087542087542087,1.0,0.6232943469785575
3FU8,fixed_rank_fraction_0p06_eps6_ms3_min3_mean_score_sqrt_size,0.5635493424882533,0.22889065536124362,0.35555555555555557,0.17087542087542087,1.0,0.6232943469785575
3FU8,fixed_rank_fraction_0p06_eps7_ms3_min3_mean_score,0.5488138170143652,0.22380714047380715,0.35555555555555557,0.1658896658896659,1.0,0.5905600722673894
3FU8,fixed_rank_fraction_0p06_eps7_ms3_min3_mean_score_sqrt_size,0.5488138170143652,0.22380714047380715,0.35555555555555557,0.1658896658896659,1.0,0.5905600722673894
