pdb_id,chain,resid,resname,label,score
1GQY,A,1,MET,0,0.19197631
1GQY,A,2,LYS,0,0.18327489
1GQY,A,3,HIS,0,0.18064676
1GQY,A,4,SER,0,0.17173435
1GQY,A,5,HIS,0,0.16544157
1GQY,A,6,GLU,0,0.16514006
1GQY,A,7,GLU,0,0.16509964
1GQY,A,8,ILE,0,0.16508695
1GQY,A,9,ARG,0,0.16886970
1GQY,A,10,LYS,0,0.17118187
1GQY,A,11,ILE,0,0.17177403
1GQY,A,12,ILE,0,0.17315909
1GQY,A,13,PRO,0,0.18280721
1GQY,A,14,GLU,0,0.18269812
1GQY,A,15,MET,0,0.18121463
1GQY,A,16,ARG,0,0.17730582
1GQY,A,17,ARG,0,0.18116902
1GQY,A,18,VAL,0,0.18409471
1GQY,A,19,GLN,0,0.18882184
1GQY,A,20,GLN,0,0.19125450
1GQY,A,21,ILE,0,0.18733659
1GQY,A,22,HIS,0,0.19601730
1GQY,A,23,PHE,0,0.19174007
1GQY,A,24,ILE,0,0.20278232
1GQY,A,25,GLY,0,0.20914388
1GQY,A,26,ILE,0,0.21542633
1GQY,A,27,GLY,0,0.21298832
1GQY,A,28,GLY,0,0.22076170
1GQY,A,29,ALA,0,0.21147509
1GQY,A,30,GLY,0,0.19405593
1GQY,A,31,MET,0,0.19075228
1GQY,A,32,SER,0,0.17916468
1GQY,A,33,GLY,0,0.16120534
1GQY,A,34,ILE,0,0.16054884
1GQY,A,35,ALA,0,0.16463214
1GQY,A,36,GLU,0,0.15354580
1GQY,A,37,ILE,0,0.15367012
1GQY,A,38,LEU,0,0.16799816
1GQY,A,39,LEU,0,0.17012322
1GQY,A,40,ASN,0,0.17214763
1GQY,A,41,GLU,0,0.17647210
1GQY,A,42,GLY,0,0.17922914
1GQY,A,43,TYR,0,0.18610731
1GQY,A,44,GLN,0,0.19445281
1GQY,A,45,ILE,0,0.23117252
1GQY,A,46,SER,0,0.38925180
1GQY,A,47,GLY,0,0.60195267
1GQY,A,48,SER,0,0.65389282
1GQY,A,49,ASP,0,0.68110871
1GQY,A,50,ILE,0,0.66539741
1GQY,A,51,ALA,0,0.57558477
1GQY,A,52,ASP,0,0.32299566
1GQY,A,53,GLY,0,0.21919861
1GQY,A,54,VAL,0,0.16531521
1GQY,A,55,VAL,0,0.15113993
1GQY,A,56,THR,0,0.14156373
1GQY,A,57,GLN,0,0.13860963
1GQY,A,58,ARG,0,0.14228468
1GQY,A,59,LEU,0,0.15110540
1GQY,A,60,ALA,0,0.15864043
1GQY,A,61,GLN,0,0.16766781
1GQY,A,62,ALA,0,0.18288441
1GQY,A,63,GLY,0,0.18467331
1GQY,A,64,ALA,0,0.18292324
1GQY,A,65,LYS,0,0.18363875
1GQY,A,66,ILE,0,0.17973618
1GQY,A,67,TYR,0,0.20059109
1GQY,A,68,ILE,0,0.20915607
1GQY,A,69,GLY,0,0.21165848
1GQY,A,70,HIS,0,0.19568369
1GQY,A,71,ALA,0,0.19020858
1GQY,A,72,GLU,0,0.17906936
1GQY,A,73,GLU,0,0.17215803
1GQY,A,74,HIS,0,0.15959330
1GQY,A,75,ILE,0,0.16945556
1GQY,A,76,GLU,0,0.18434107
1GQY,A,77,GLY,0,0.19672266
1GQY,A,78,ALA,0,0.20080976
1GQY,A,79,SER,0,0.19714640
1GQY,A,80,VAL,0,0.19147187
1GQY,A,81,VAL,0,0.18503389
1GQY,A,82,VAL,0,0.19839992
1GQY,A,83,VAL,0,0.22679299
1GQY,A,84,SER,0,0.37836927
1GQY,A,85,SER,0,0.50723064
1GQY,A,86,ALA,0,0.69225395
1GQY,A,87,ILE,0,0.58275890
1GQY,A,88,LYS,0,0.36463493
1GQY,A,89,ASP,0,0.21689090
1GQY,A,90,ASP,0,0.17184013
1GQY,A,91,ASN,0,0.16356719
1GQY,A,92,PRO,0,0.14565827
1GQY,A,93,GLU,0,0.14441691
1GQY,A,94,LEU,0,0.13608888
1GQY,A,95,VAL,0,0.13403249
1GQY,A,96,THR,0,0.14726971
1GQY,A,97,SER,0,0.15466051
1GQY,A,98,LYS,0,0.15322933
1GQY,A,99,GLN,0,0.15857229
1GQY,A,100,LYS,0,0.17601308
1GQY,A,101,ARG,0,0.17984284
1GQY,A,102,ILE,0,0.18001336
1GQY,A,103,PRO,0,0.17736965
1GQY,A,104,VAL,0,0.16822389
1GQY,A,105,ILE,0,0.16346009
1GQY,A,106,GLN,0,0.16234411
1GQY,A,107,ARG,0,0.15883163
1GQY,A,108,ALA,0,0.15298033
1GQY,A,109,GLN,0,0.14616087
1GQY,A,110,MET,0,0.14782958
1GQY,A,111,LEU,0,0.14538687
1GQY,A,112,ALA,0,0.14616024
1GQY,A,113,GLU,0,0.14759421
1GQY,A,114,ILE,0,0.15063882
1GQY,A,115,MET,0,0.15788980
1GQY,A,116,ARG,0,0.16148275
1GQY,A,117,PHE,0,0.17144774
1GQY,A,118,ARG,0,0.18219788
1GQY,A,119,HIS,0,0.19547074
1GQY,A,120,GLY,0,0.21361651
1GQY,A,121,ILE,0,0.22773544
1GQY,A,122,ALA,0,0.32653385
1GQY,A,123,VAL,0,0.44863665
1GQY,A,124,ALA,0,0.64739573
1GQY,A,125,GLY,0,0.69261634
1GQY,A,126,THR,1,0.72184080
1GQY,A,127,HIS,1,0.69605619
1GQY,A,128,GLY,1,0.65814227
1GQY,A,129,LYS,1,0.61691529
1GQY,A,130,THR,1,0.54363519
1GQY,A,131,THR,1,0.42083147
1GQY,A,132,THR,0,0.22807248
1GQY,A,133,THR,0,0.19263193
1GQY,A,134,ALA,0,0.16724584
1GQY,A,135,MET,0,0.15176070
1GQY,A,136,ILE,0,0.14990777
1GQY,A,137,SER,0,0.14939924
1GQY,A,138,MET,0,0.14648578
1GQY,A,139,ILE,0,0.15405576
1GQY,A,140,TYR,0,0.16850862
1GQY,A,141,THR,0,0.17442293
1GQY,A,142,GLN,0,0.18661466
1GQY,A,143,ALA,0,0.20576718
1GQY,A,144,LYS,0,0.21923088
1GQY,A,145,LEU,0,0.23817743
1GQY,A,146,ASP,0,0.26003218
1GQY,A,147,PRO,0,0.30124491
1GQY,A,148,THR,0,0.28795657
1GQY,A,149,PHE,0,0.26621985
1GQY,A,150,VAL,0,0.24903604
1GQY,A,151,ASN,0,0.21917322
1GQY,A,152,GLY,0,0.22300687
1GQY,A,153,GLY,0,0.24250408
1GQY,A,154,LEU,0,0.20746346
1GQY,A,155,VAL,0,0.19668485
1GQY,A,156,LYS,0,0.19010906
1GQY,A,157,SER,0,0.17196830
1GQY,A,158,ALA,0,0.17849492
1GQY,A,159,GLY,0,0.18216036
1GQY,A,160,LYS,0,0.18136279
1GQY,A,161,ASN,0,0.18611020
1GQY,A,162,ALA,0,0.17395680
1GQY,A,163,HIS,0,0.17022304
1GQY,A,164,LEU,0,0.18071970
1GQY,A,165,GLY,0,0.19048791
1GQY,A,166,ALA,0,0.19123067
1GQY,A,167,SER,0,0.19107407
1GQY,A,168,ARG,0,0.18685569
1GQY,A,169,TYR,0,0.18529977
1GQY,A,170,LEU,0,0.18310583
1GQY,A,171,ILE,0,0.18870565
1GQY,A,172,ALA,0,0.25875676
1GQY,A,173,GLU,0,0.58313465
1GQY,A,174,ALA,0,0.65191811
1GQY,A,175,ASP,0,0.65775621
1GQY,A,176,GLU,0,0.55402446
1GQY,A,177,SER,0,0.45324630
1GQY,A,178,ASP,0,0.37419498
1GQY,A,179,ALA,0,0.27530277
1GQY,A,180,SER,0,0.22271229
1GQY,A,181,PHE,0,0.18074588
1GQY,A,182,LEU,0,0.16247809
1GQY,A,183,HIS,0,0.15849359
1GQY,A,184,LEU,0,0.16224356
1GQY,A,185,GLN,0,0.16599233
1GQY,A,186,PRO,0,0.16930459
1GQY,A,187,MET,0,0.16905020
1GQY,A,188,VAL,0,0.16387185
1GQY,A,189,SER,0,0.16655698
1GQY,A,190,VAL,0,0.17917515
1GQY,A,191,VAL,0,0.19276375
1GQY,A,192,THR,0,0.25108993
1GQY,A,193,ASN,0,0.31197309
1GQY,A,194,MET,0,0.37119630
1GQY,A,195,GLU,0,0.42577890
1GQY,A,196,PRO,0,0.37869555
1GQY,A,197,ASP,0,0.40314350
1GQY,A,205,ASP,0,0.16607037
1GQY,A,206,PHE,0,0.14173502
1GQY,A,207,GLU,0,0.15559079
1GQY,A,208,LYS,0,0.15071927
1GQY,A,209,MET,0,0.15052225
1GQY,A,210,LYS,0,0.14666083
1GQY,A,211,ALA,0,0.14815131
1GQY,A,212,THR,0,0.13774179
1GQY,A,213,TYR,0,0.13963802
1GQY,A,214,VAL,0,0.14521405
1GQY,A,215,LYS,0,0.14388941
1GQY,A,216,PHE,0,0.13988981
1GQY,A,217,LEU,0,0.14323771
1GQY,A,218,HIS,0,0.14791553
1GQY,A,219,ASN,0,0.15228245
1GQY,A,220,LEU,0,0.15820414
1GQY,A,221,PRO,0,0.16214409
1GQY,A,222,PHE,0,0.16433796
1GQY,A,223,TYR,0,0.16544041
1GQY,A,224,GLY,0,0.16362552
1GQY,A,225,LEU,0,0.16333503
1GQY,A,226,ALA,0,0.16816618
1GQY,A,227,VAL,0,0.17953452
1GQY,A,228,MET,0,0.18392803
1GQY,A,229,CYS,0,0.16197784
1GQY,A,230,ALA,0,0.14813827
1GQY,A,231,ASP,0,0.13802813
1GQY,A,232,ASP,0,0.13670228
1GQY,A,233,PRO,0,0.12863266
1GQY,A,234,VAL,0,0.13068572
1GQY,A,235,LEU,0,0.13158295
1GQY,A,236,MET,0,0.12701087
1GQY,A,237,GLU,0,0.12849432
1GQY,A,238,LEU,0,0.13041863
1GQY,A,239,VAL,0,0.13421927
1GQY,A,240,PRO,0,0.15076473
1GQY,A,241,LYS,0,0.15524006
1GQY,A,242,VAL,0,0.15948035
1GQY,A,243,GLY,0,0.16696633
1GQY,A,244,ARG,0,0.16659756
1GQY,A,245,GLN,0,0.16863903
1GQY,A,246,VAL,0,0.16060874
1GQY,A,247,ILE,0,0.16155732
1GQY,A,248,THR,0,0.17146824
1GQY,A,249,TYR,0,0.17769076
1GQY,A,250,GLY,0,0.19132589
1GQY,A,251,PHE,0,0.18720615
1GQY,A,252,SER,0,0.17940864
1GQY,A,253,GLU,0,0.16788289
1GQY,A,254,GLN,0,0.16076368
1GQY,A,255,ALA,0,0.16113020
1GQY,A,256,ASP,0,0.15831755
1GQY,A,257,TYR,0,0.15474452
1GQY,A,258,ARG,0,0.15419997
1GQY,A,259,ILE,0,0.15675218
1GQY,A,260,GLU,0,0.15919285
1GQY,A,261,ASP,0,0.16324247
1GQY,A,262,TYR,0,0.15701301
1GQY,A,263,GLU,0,0.15056212
1GQY,A,264,GLN,0,0.14672072
1GQY,A,265,THR,0,0.14596033
1GQY,A,266,GLY,0,0.14539364
1GQY,A,267,PHE,0,0.14062457
1GQY,A,268,GLN,0,0.14028805
1GQY,A,269,GLY,0,0.14158469
1GQY,A,270,HIS,0,0.14655158
1GQY,A,271,TYR,0,0.15593059
1GQY,A,272,THR,0,0.16579957
1GQY,A,273,VAL,0,0.17855139
1GQY,A,274,ILE,0,0.17565750
1GQY,A,275,CYS,0,0.18231644
1GQY,A,276,PRO,0,0.17633472
1GQY,A,277,ASN,0,0.18672262
1GQY,A,278,ASN,0,0.17577283
1GQY,A,279,GLU,0,0.16916753
1GQY,A,280,ARG,0,0.16388042
1GQY,A,281,ILE,0,0.16318227
1GQY,A,282,ASN,0,0.16709504
1GQY,A,283,VAL,0,0.18158427
1GQY,A,284,LEU,0,0.19155622
1GQY,A,285,LEU,0,0.23983590
1GQY,A,286,ASN,0,0.24839035
1GQY,A,287,VAL,0,0.27801913
1GQY,A,288,PRO,0,0.22881261
1GQY,A,289,GLY,0,0.23710087
1GQY,A,290,LYS,0,0.22700061
1GQY,A,291,HIS,1,0.25429827
1GQY,A,292,ASN,1,0.27593440
1GQY,A,293,ALA,0,0.26840484
1GQY,A,294,LEU,1,0.26515660
1GQY,A,295,ASN,1,0.23316379
1GQY,A,296,ALA,0,0.17377216
1GQY,A,297,THR,0,0.15563670
1GQY,A,298,ALA,0,0.14980929
1GQY,A,299,ALA,0,0.15072133
1GQY,A,300,LEU,0,0.15250380
1GQY,A,301,ALA,0,0.14848639
1GQY,A,302,VAL,0,0.15399227
1GQY,A,303,ALA,0,0.16423213
1GQY,A,304,LYS,0,0.17434210
1GQY,A,305,GLU,0,0.19659625
1GQY,A,306,GLU,0,0.20572223
1GQY,A,307,GLY,0,0.20784944
1GQY,A,308,ILE,0,0.20269457
1GQY,A,309,ALA,0,0.19906522
1GQY,A,310,ASN,0,0.18004064
1GQY,A,311,GLU,0,0.17260218
1GQY,A,312,ALA,0,0.16268893
1GQY,A,313,ILE,0,0.15541938
1GQY,A,314,LEU,0,0.14319772
1GQY,A,315,GLU,0,0.14293259
1GQY,A,316,ALA,0,0.14467430
1GQY,A,317,LEU,0,0.14506264
1GQY,A,318,ALA,0,0.14643423
1GQY,A,319,ASP,0,0.15336534
1GQY,A,320,PHE,0,0.16992536
1GQY,A,321,GLN,0,0.27627754
1GQY,A,322,GLY,0,0.57033491
1GQY,A,323,ALA,0,0.74736738
1GQY,A,324,GLY,0,0.75908595
1GQY,A,325,ARG,0,0.77172267
1GQY,A,326,ARG,1,0.73837692
1GQY,A,327,PHE,1,0.71367180
1GQY,A,328,ASP,0,0.67019880
1GQY,A,329,GLN,0,0.59017038
1GQY,A,330,LEU,0,0.41348577
1GQY,A,331,GLY,0,0.37143853
1GQY,A,332,GLU,0,0.23882481
1GQY,A,333,PHE,0,0.20804857
1GQY,A,334,ILE,0,0.17256267
1GQY,A,335,ARG,0,0.16481249
1GQY,A,336,PRO,0,0.17576413
1GQY,A,337,ASN,0,0.17932288
1GQY,A,338,GLY,0,0.18144880
1GQY,A,339,LYS,0,0.16917060
1GQY,A,340,VAL,0,0.17459849
1GQY,A,341,ARG,0,0.20196359
1GQY,A,342,LEU,0,0.25332826
1GQY,A,343,VAL,0,0.37061241
1GQY,A,344,ASP,0,0.67815435
1GQY,A,345,ASP,1,0.76560545
1GQY,A,346,TYR,1,0.82424134
1GQY,A,347,GLY,1,0.80027872
1GQY,A,348,HIS,0,0.80948889
1GQY,A,349,HIS,0,0.75783741
1GQY,A,350,PRO,0,0.70429283
1GQY,A,351,THR,1,0.61079788
1GQY,A,352,GLU,1,0.55242842
1GQY,A,353,VAL,1,0.36648008
1GQY,A,354,GLY,0,0.25928664
1GQY,A,355,VAL,1,0.23127493
1GQY,A,356,THR,1,0.19841892
1GQY,A,357,ILE,0,0.16243586
1GQY,A,358,LYS,0,0.15215144
1GQY,A,359,ALA,0,0.14852369
1GQY,A,360,ALA,0,0.14769638
1GQY,A,361,ARG,0,0.15776357
1GQY,A,362,GLU,0,0.15783592
1GQY,A,363,GLY,0,0.16805282
1GQY,A,364,TRP,0,0.18228182
1GQY,A,365,GLY,0,0.20323789
1GQY,A,366,ASP,0,0.20977643
1GQY,A,367,LYS,0,0.20791350
1GQY,A,368,ARG,0,0.20906021
1GQY,A,369,ILE,0,0.20332652
1GQY,A,370,VAL,0,0.21720207
1GQY,A,371,MET,0,0.25128558
1GQY,A,372,ILE,0,0.31290397
1GQY,A,373,PHE,0,0.47378087
1GQY,A,374,GLN,0,0.72867393
1GQY,A,375,PRO,0,0.74983042
1GQY,A,376,HIS,0,0.70214343
1GQY,A,377,ARG,0,0.63400161
1GQY,A,378,TYR,0,0.45418519
1GQY,A,379,SER,0,0.34722251
1GQY,A,380,ARG,0,0.26002911
1GQY,A,381,THR,0,0.24328357
1GQY,A,382,ARG,0,0.17511639
1GQY,A,383,ASP,0,0.16516231
1GQY,A,384,LEU,0,0.15322025
1GQY,A,385,PHE,0,0.14641382
1GQY,A,386,ASP,0,0.13999815
1GQY,A,387,ASP,0,0.14132661
1GQY,A,388,PHE,0,0.14124861
1GQY,A,389,VAL,0,0.13611463
1GQY,A,390,GLN,0,0.14112613
1GQY,A,391,VAL,0,0.14555591
1GQY,A,392,LEU,0,0.14599960
1GQY,A,393,SER,0,0.15768234
1GQY,A,394,GLN,0,0.17152247
1GQY,A,395,VAL,0,0.17317186
1GQY,A,396,ASP,0,0.19863737
1GQY,A,397,ALA,0,0.20864959
1GQY,A,398,LEU,0,0.25765267
1GQY,A,399,ILE,0,0.33607915
1GQY,A,400,MET,0,0.45880556
1GQY,A,401,LEU,0,0.68111098
1GQY,A,402,ASP,0,0.69879907
1GQY,A,403,VAL,0,0.74915290
1GQY,A,404,TYR,0,0.76938641
1GQY,A,405,ALA,0,0.75561500
1GQY,A,406,ALA,0,0.78113091
1GQY,A,407,GLY,0,0.71991253
1GQY,A,408,GLU,0,0.46144977
1GQY,A,409,ALA,0,0.34472629
1GQY,A,410,PRO,0,0.24838158
1GQY,A,411,ILE,0,0.19414137
1GQY,A,412,VAL,0,0.17225908
1GQY,A,413,GLY,0,0.15378328
1GQY,A,414,ALA,0,0.15970597
1GQY,A,415,ASP,0,0.17061231
1GQY,A,416,SER,0,0.18633008
1GQY,A,417,LYS,0,0.16118573
1GQY,A,418,SER,0,0.14145018
1GQY,A,419,LEU,0,0.13911532
1GQY,A,420,CYS,0,0.14256983
1GQY,A,421,ARG,0,0.12977804
1GQY,A,422,SER,0,0.12861678
1GQY,A,423,ILE,0,0.13089898
1GQY,A,424,ARG,0,0.13358453
1GQY,A,425,ASN,0,0.14752281
1GQY,A,426,LEU,0,0.16335623
1GQY,A,427,GLY,0,0.17198418
1GQY,A,428,LYS,0,0.17941034
1GQY,A,429,VAL,0,0.17092158
1GQY,A,430,ASP,0,0.17620189
1GQY,A,431,PRO,0,0.20765181
1GQY,A,432,ILE,0,0.21838495
1GQY,A,433,LEU,0,0.26990655
1GQY,A,434,VAL,0,0.24535412
1GQY,A,435,SER,0,0.25912574
1GQY,A,436,ASP,0,0.19391997
1GQY,A,437,THR,0,0.19242255
1GQY,A,438,SER,0,0.14675315
1GQY,A,439,GLN,0,0.14457157
1GQY,A,440,LEU,0,0.13962477
1GQY,A,441,GLY,0,0.12924194
1GQY,A,442,ASP,0,0.12978874
1GQY,A,443,VAL,0,0.13061133
1GQY,A,444,LEU,0,0.13485242
1GQY,A,445,ASP,0,0.15218174
1GQY,A,446,GLN,0,0.15502587
1GQY,A,447,ILE,0,0.15937018
1GQY,A,448,ILE,0,0.16601653
1GQY,A,449,GLN,0,0.17133798
1GQY,A,450,ASP,0,0.17506804
1GQY,A,451,GLY,0,0.16467701
1GQY,A,452,ASP,0,0.16879095
1GQY,A,453,LEU,0,0.17351167
1GQY,A,454,ILE,0,0.18957058
1GQY,A,455,LEU,0,0.22965142
1GQY,A,456,ALA,0,0.32540771
1GQY,A,457,GLN,0,0.71643263
1GQY,A,458,GLY,0,0.80323392
1GQY,A,459,ALA,0,0.79768169
1GQY,A,460,GLY,0,0.65652961
1GQY,A,461,SER,0,0.26375827
1GQY,A,462,VAL,0,0.20009889
1GQY,A,463,SER,0,0.17871584
1GQY,A,464,LYS,0,0.14162396
1GQY,A,465,ILE,0,0.13801369
1GQY,A,466,SER,0,0.13566804
1GQY,A,467,ARG,0,0.12900405
1GQY,A,468,GLY,0,0.12420346
1GQY,A,469,LEU,0,0.12504159
1GQY,A,470,ALA,0,0.12833624
1GQY,A,471,GLU,0,0.13025166
1GQY,A,472,SER,0,0.13665269
1GQY,A,473,TRP,0,0.13546288
1GQY,A,474,LYS,0,0.13614963
1GQY,A,475,ASN,0,0.14895311
1GQY,B,6,GLU,0,0.17269996
1GQY,B,7,GLU,0,0.17032227
1GQY,B,8,ILE,0,0.16928649
1GQY,B,9,ARG,0,0.17048278
1GQY,B,10,LYS,0,0.17076267
1GQY,B,11,ILE,0,0.17030801
1GQY,B,12,ILE,0,0.17139530
1GQY,B,13,PRO,0,0.17813547
1GQY,B,14,GLU,0,0.17768626
1GQY,B,15,MET,0,0.17438567
1GQY,B,16,ARG,0,0.17102608
1GQY,B,17,ARG,0,0.17536213
1GQY,B,18,VAL,0,0.17933086
1GQY,B,19,GLN,0,0.18602952
1GQY,B,20,GLN,0,0.18832995
1GQY,B,21,ILE,0,0.18587509
1GQY,B,22,HIS,0,0.19209665
1GQY,B,23,PHE,0,0.19024649
1GQY,B,24,ILE,0,0.19741595
1GQY,B,25,GLY,0,0.20368811
1GQY,B,26,ILE,0,0.21001282
1GQY,B,27,GLY,0,0.20514598
1GQY,B,28,GLY,0,0.21441540
1GQY,B,29,ALA,0,0.20958388
1GQY,B,30,GLY,0,0.19158612
1GQY,B,31,MET,0,0.19088794
1GQY,B,32,SER,0,0.17731549
1GQY,B,33,GLY,0,0.16270013
1GQY,B,34,ILE,0,0.16230804
1GQY,B,35,ALA,0,0.16578932
1GQY,B,36,GLU,0,0.15535253
1GQY,B,37,ILE,0,0.15603583
1GQY,B,38,LEU,0,0.16934454
1GQY,B,39,LEU,0,0.17084588
1GQY,B,40,ASN,0,0.17089956
1GQY,B,41,GLU,0,0.17386809
1GQY,B,42,GLY,0,0.17771079
1GQY,B,43,TYR,0,0.18269449
1GQY,B,44,GLN,0,0.19035994
1GQY,B,45,ILE,0,0.21477650
1GQY,B,46,SER,0,0.31877270
1GQY,B,47,GLY,0,0.53682345
1GQY,B,48,SER,0,0.61486357
1GQY,B,49,ASP,0,0.63769090
1GQY,B,50,ILE,0,0.61466944
1GQY,B,51,ALA,0,0.45123455
1GQY,B,52,ASP,0,0.26403007
1GQY,B,53,GLY,0,0.18841970
1GQY,B,54,VAL,0,0.15536325
1GQY,B,55,VAL,0,0.14781028
1GQY,B,56,THR,0,0.14236194
1GQY,B,57,GLN,0,0.13961066
1GQY,B,58,ARG,0,0.14385441
1GQY,B,59,LEU,0,0.15286940
1GQY,B,60,ALA,0,0.16074082
1GQY,B,61,GLN,0,0.16871706
1GQY,B,62,ALA,0,0.18241990
1GQY,B,63,GLY,0,0.18659040
1GQY,B,64,ALA,0,0.18513766
1GQY,B,65,LYS,0,0.18612075
1GQY,B,66,ILE,0,0.17797101
1GQY,B,67,TYR,0,0.19413425
1GQY,B,68,ILE,0,0.19727769
1GQY,B,69,GLY,0,0.20090126
1GQY,B,70,HIS,0,0.19261360
1GQY,B,71,ALA,0,0.18692091
1GQY,B,72,GLU,0,0.17883413
1GQY,B,73,GLU,0,0.17251404
1GQY,B,74,HIS,0,0.15970223
1GQY,B,75,ILE,0,0.16946261
1GQY,B,76,GLU,0,0.17886041
1GQY,B,77,GLY,0,0.18866771
1GQY,B,78,ALA,0,0.19127177
1GQY,B,79,SER,0,0.18896590
1GQY,B,80,VAL,0,0.18557233
1GQY,B,81,VAL,0,0.18144448
1GQY,B,82,VAL,0,0.19585207
1GQY,B,83,VAL,0,0.22148475
1GQY,B,84,SER,0,0.34645918
1GQY,B,85,SER,0,0.44191372
1GQY,B,86,ALA,0,0.55653650
1GQY,B,87,ILE,0,0.41585913
1GQY,B,88,LYS,0,0.27216250
1GQY,B,89,ASP,0,0.19524761
1GQY,B,90,ASP,0,0.16644661
1GQY,B,91,ASN,0,0.16200626
1GQY,B,92,PRO,0,0.15508199
1GQY,B,93,GLU,0,0.15583631
1GQY,B,94,LEU,0,0.14422153
1GQY,B,95,VAL,0,0.14178579
1GQY,B,96,THR,0,0.15512753
1GQY,B,97,SER,0,0.16212529
1GQY,B,98,LYS,0,0.16173699
1GQY,B,99,GLN,0,0.16769165
1GQY,B,100,LYS,0,0.17906612
1GQY,B,101,ARG,0,0.18254168
1GQY,B,102,ILE,0,0.18393782
1GQY,B,103,PRO,0,0.17995876
1GQY,B,104,VAL,0,0.17617293
1GQY,B,105,ILE,0,0.17090860
1GQY,B,106,GLN,0,0.16794321
1GQY,B,107,ARG,0,0.16469124
1GQY,B,108,ALA,0,0.15591294
1GQY,B,109,GLN,0,0.14970052
1GQY,B,110,MET,0,0.15250748
1GQY,B,111,LEU,0,0.15017165
1GQY,B,112,ALA,0,0.15013574
1GQY,B,113,GLU,0,0.15082453
1GQY,B,114,ILE,0,0.15352640
1GQY,B,115,MET,0,0.15976098
1GQY,B,116,ARG,0,0.16333549
1GQY,B,117,PHE,0,0.17026284
1GQY,B,118,ARG,0,0.17883003
1GQY,B,119,HIS,0,0.19111027
1GQY,B,120,GLY,0,0.20972236
1GQY,B,121,ILE,0,0.22452712
1GQY,B,122,ALA,0,0.30154616
1GQY,B,123,VAL,0,0.40063423
1GQY,B,124,ALA,0,0.58425152
1GQY,B,125,GLY,0,0.63819981
1GQY,B,126,THR,1,0.66614413
1GQY,B,127,HIS,1,0.64378041
1GQY,B,128,GLY,1,0.59894180
1GQY,B,129,LYS,1,0.51548117
1GQY,B,130,THR,1,0.43683749
1GQY,B,131,THR,1,0.34163144
1GQY,B,132,THR,0,0.20776787
1GQY,B,133,THR,0,0.18281674
1GQY,B,134,ALA,0,0.16068546
1GQY,B,135,MET,0,0.15045546
1GQY,B,136,ILE,0,0.15249591
1GQY,B,137,SER,0,0.15172344
1GQY,B,138,MET,0,0.14948769
1GQY,B,139,ILE,0,0.15748484
1GQY,B,140,TYR,0,0.16790281
1GQY,B,141,THR,0,0.17291667
1GQY,B,142,GLN,0,0.18561096
1GQY,B,143,ALA,0,0.20147997
1GQY,B,144,LYS,0,0.21433197
1GQY,B,145,LEU,0,0.23004837
1GQY,B,146,ASP,0,0.24966268
1GQY,B,147,PRO,0,0.28637582
1GQY,B,148,THR,0,0.27629405
1GQY,B,149,PHE,0,0.25226784
1GQY,B,150,VAL,0,0.23781709
1GQY,B,151,ASN,0,0.20755394
1GQY,B,152,GLY,0,0.20690864
1GQY,B,153,GLY,0,0.20850992
1GQY,B,154,LEU,0,0.18249370
1GQY,B,155,VAL,0,0.17145164
1GQY,B,156,LYS,0,0.16604570
1GQY,B,157,SER,0,0.15512206
1GQY,B,158,ALA,0,0.15792602
1GQY,B,159,GLY,0,0.16070440
1GQY,B,160,LYS,0,0.16368142
1GQY,B,161,ASN,0,0.16390960
1GQY,B,162,ALA,0,0.16231737
1GQY,B,163,HIS,0,0.16324225
1GQY,B,164,LEU,0,0.17542318
1GQY,B,165,GLY,0,0.18213297
1GQY,B,166,ALA,0,0.18374062
1GQY,B,167,SER,0,0.18342578
1GQY,B,168,ARG,0,0.18024303
1GQY,B,169,TYR,0,0.17984617
1GQY,B,170,LEU,0,0.17974450
1GQY,B,171,ILE,0,0.18643793
1GQY,B,172,ALA,0,0.24583195
1GQY,B,173,GLU,0,0.52635002
1GQY,B,174,ALA,0,0.62638539
1GQY,B,175,ASP,0,0.63410270
1GQY,B,176,GLU,0,0.53566456
1GQY,B,177,SER,0,0.45312417
1GQY,B,178,ASP,0,0.36102158
1GQY,B,179,ALA,0,0.26272631
1GQY,B,180,SER,0,0.20972116
1GQY,B,181,PHE,0,0.17735983
1GQY,B,182,LEU,0,0.16122575
1GQY,B,183,HIS,0,0.15821424
1GQY,B,184,LEU,0,0.16275711
1GQY,B,185,GLN,0,0.16845395
1GQY,B,186,PRO,0,0.17340614
1GQY,B,187,MET,0,0.17627868
1GQY,B,188,VAL,0,0.17211828
1GQY,B,189,SER,0,0.17337443
1GQY,B,190,VAL,0,0.17980535
1GQY,B,191,VAL,0,0.19273256
1GQY,B,192,THR,0,0.24631783
1GQY,B,193,ASN,0,0.30174541
1GQY,B,194,MET,0,0.36172175
1GQY,B,195,GLU,0,0.39794049
1GQY,B,196,PRO,0,0.37709677
1GQY,B,197,ASP,0,0.32839644
1GQY,B,198,HIS,0,0.25724366
1GQY,B,199,MET,0,0.21341492
1GQY,B,200,ASP,0,0.18692048
1GQY,B,201,THR,0,0.17992866
1GQY,B,202,TYR,0,0.17382549
1GQY,B,203,GLU,0,0.16608758
1GQY,B,204,GLY,0,0.17012335
1GQY,B,205,ASP,0,0.16071130
1GQY,B,206,PHE,0,0.14438158
1GQY,B,207,GLU,0,0.15291318
1GQY,B,208,LYS,0,0.14843599
1GQY,B,209,MET,0,0.14043483
1GQY,B,210,LYS,0,0.13381086
1GQY,B,211,ALA,0,0.14433655
1GQY,B,212,THR,0,0.13705528
1GQY,B,213,TYR,0,0.13979025
1GQY,B,214,VAL,0,0.14455338
1GQY,B,215,LYS,0,0.14439304
1GQY,B,216,PHE,0,0.14438684
1GQY,B,217,LEU,0,0.15008560
1GQY,B,218,HIS,0,0.15518294
1GQY,B,219,ASN,0,0.15509203
1GQY,B,220,LEU,0,0.15938441
1GQY,B,221,PRO,0,0.16162243
1GQY,B,222,PHE,0,0.16077526
1GQY,B,223,TYR,0,0.16481581
1GQY,B,224,GLY,0,0.16309072
1GQY,B,225,LEU,0,0.16307577
1GQY,B,226,ALA,0,0.16693342
1GQY,B,227,VAL,0,0.17780575
1GQY,B,228,MET,0,0.18584634
1GQY,B,229,CYS,0,0.17004059
1GQY,B,230,ALA,0,0.15414804
1GQY,B,231,ASP,0,0.14434394
1GQY,B,232,ASP,0,0.13932316
1GQY,B,233,PRO,0,0.13639997
1GQY,B,234,VAL,0,0.13568170
1GQY,B,235,LEU,0,0.13606329
1GQY,B,236,MET,0,0.13408758
1GQY,B,237,GLU,0,0.13421685
1GQY,B,238,LEU,0,0.13540138
1GQY,B,239,VAL,0,0.13904761
1GQY,B,240,PRO,0,0.15056962
1GQY,B,241,LYS,0,0.15540221
1GQY,B,242,VAL,0,0.16032691
1GQY,B,243,GLY,0,0.16617198
1GQY,B,244,ARG,0,0.17031810
1GQY,B,245,GLN,0,0.17097747
1GQY,B,246,VAL,0,0.16478896
1GQY,B,247,ILE,0,0.16662996
1GQY,B,248,THR,0,0.17363265
1GQY,B,249,TYR,0,0.17841919
1GQY,B,250,GLY,0,0.18479913
1GQY,B,251,PHE,0,0.17917196
1GQY,B,252,SER,0,0.16935423
1GQY,B,253,GLU,0,0.15864134
1GQY,B,254,GLN,0,0.15254022
1GQY,B,255,ALA,0,0.15226382
1GQY,B,256,ASP,0,0.15188292
1GQY,B,257,TYR,0,0.15062641
1GQY,B,258,ARG,0,0.15038034
1GQY,B,259,ILE,0,0.15466282
1GQY,B,260,GLU,0,0.15789376
1GQY,B,261,ASP,0,0.16227126
1GQY,B,262,TYR,0,0.15818448
1GQY,B,263,GLU,0,0.15306036
1GQY,B,264,GLN,0,0.14945571
1GQY,B,265,THR,0,0.14829995
1GQY,B,266,GLY,0,0.14771530
1GQY,B,267,PHE,0,0.14497781
1GQY,B,268,GLN,0,0.14373417
1GQY,B,269,GLY,0,0.14576872
1GQY,B,270,HIS,0,0.14962000
1GQY,B,271,TYR,0,0.15977991
1GQY,B,272,THR,0,0.16895884
1GQY,B,273,VAL,0,0.18166590
1GQY,B,274,ILE,0,0.17727719
1GQY,B,275,CYS,0,0.18248123
1GQY,B,276,PRO,0,0.17647907
1GQY,B,277,ASN,0,0.18504117
1GQY,B,278,ASN,0,0.17551447
1GQY,B,279,GLU,0,0.16984288
1GQY,B,280,ARG,0,0.16539080
1GQY,B,281,ILE,0,0.16626237
1GQY,B,282,ASN,0,0.17062023
1GQY,B,283,VAL,0,0.18606134
1GQY,B,284,LEU,0,0.19188792
1GQY,B,285,LEU,0,0.23493263
1GQY,B,286,ASN,0,0.23260881
1GQY,B,287,VAL,0,0.24942334
1GQY,B,288,PRO,0,0.21562567
1GQY,B,289,GLY,0,0.22070546
1GQY,B,290,LYS,0,0.20994940
1GQY,B,291,HIS,1,0.23128329
1GQY,B,292,ASN,1,0.24554932
1GQY,B,293,ALA,0,0.23805916
1GQY,B,294,LEU,0,0.22877844
1GQY,B,295,ASN,1,0.19924222
1GQY,B,296,ALA,0,0.16448763
1GQY,B,297,THR,0,0.15289401
1GQY,B,298,ALA,0,0.14859687
1GQY,B,299,ALA,0,0.15081722
1GQY,B,300,LEU,0,0.15326120
1GQY,B,301,ALA,0,0.15009204
1GQY,B,302,VAL,0,0.15570480
1GQY,B,303,ALA,0,0.16355653
1GQY,B,304,LYS,0,0.17091733
1GQY,B,305,GLU,0,0.18725906
1GQY,B,306,GLU,0,0.19316851
1GQY,B,307,GLY,0,0.19577289
1GQY,B,308,ILE,0,0.19144221
1GQY,B,309,ALA,0,0.18921967
1GQY,B,310,ASN,0,0.17472273
1GQY,B,311,GLU,0,0.16992727
1GQY,B,312,ALA,0,0.16266154
1GQY,B,313,ILE,0,0.15659320
1GQY,B,314,LEU,0,0.14495739
1GQY,B,315,GLU,0,0.14724791
1GQY,B,316,ALA,0,0.14635316
1GQY,B,317,LEU,0,0.14590254
1GQY,B,318,ALA,0,0.14589524
1GQY,B,319,ASP,0,0.14758788
1GQY,B,320,PHE,0,0.15623012
1GQY,B,321,GLN,0,0.20834139
1GQY,B,322,GLY,0,0.35632858
1GQY,B,323,ALA,0,0.60743022
1GQY,B,324,GLY,0,0.63054436
1GQY,B,325,ARG,0,0.65057081
1GQY,B,326,ARG,1,0.60821974
1GQY,B,327,PHE,1,0.56482112
1GQY,B,328,ASP,0,0.47639322
1GQY,B,329,GLN,0,0.43298411
1GQY,B,330,LEU,0,0.34563014
1GQY,B,331,GLY,0,0.29110235
1GQY,B,332,GLU,0,0.21025656
1GQY,B,333,PHE,0,0.18815151
1GQY,B,334,ILE,0,0.17708355
1GQY,B,335,ARG,0,0.17476076
1GQY,B,336,PRO,0,0.18039720
1GQY,B,337,ASN,0,0.18240276
1GQY,B,338,GLY,0,0.18591811
1GQY,B,339,LYS,0,0.17548986
1GQY,B,340,VAL,0,0.17587979
1GQY,B,341,ARG,0,0.18532415
1GQY,B,342,LEU,0,0.22417608
1GQY,B,343,VAL,0,0.32340974
1GQY,B,344,ASP,0,0.58495963
1GQY,B,345,ASP,1,0.70646358
1GQY,B,346,TYR,1,0.79259062
1GQY,B,347,GLY,1,0.77419752
1GQY,B,348,HIS,0,0.78599596
1GQY,B,349,HIS,0,0.71961415
1GQY,B,350,PRO,0,0.66712719
1GQY,B,351,THR,1,0.54032308
1GQY,B,352,GLU,1,0.45885357
1GQY,B,353,VAL,1,0.32597360
1GQY,B,354,GLY,0,0.24734731
1GQY,B,355,VAL,1,0.22054827
1GQY,B,356,THR,1,0.18485281
1GQY,B,357,ILE,0,0.16672227
1GQY,B,358,LYS,0,0.15724409
1GQY,B,359,ALA,0,0.15261775
1GQY,B,360,ALA,0,0.15248878
1GQY,B,361,ARG,0,0.16102238
1GQY,B,362,GLU,0,0.15927809
1GQY,B,363,GLY,0,0.16610233
1GQY,B,364,TRP,0,0.17815164
1GQY,B,365,GLY,0,0.19158369
1GQY,B,366,ASP,0,0.19593066
1GQY,B,367,LYS,0,0.19596814
1GQY,B,368,ARG,0,0.19922109
1GQY,B,369,ILE,0,0.19199160
1GQY,B,370,VAL,0,0.20227714
1GQY,B,371,MET,0,0.22843225
1GQY,B,372,ILE,0,0.27626538
1GQY,B,373,PHE,0,0.42302421
1GQY,B,374,GLN,0,0.63400722
1GQY,B,375,PRO,0,0.66118819
1GQY,B,376,HIS,0,0.60386133
1GQY,B,377,ARG,0,0.49629250
1GQY,B,378,TYR,0,0.38055396
1GQY,B,379,SER,0,0.29332757
1GQY,B,380,ARG,0,0.23622742
1GQY,B,381,THR,0,0.22191633
1GQY,B,382,ARG,0,0.16953146
1GQY,B,383,ASP,0,0.16089022
1GQY,B,384,LEU,0,0.15116724
1GQY,B,385,PHE,0,0.14610846
1GQY,B,386,ASP,0,0.14406906
1GQY,B,387,ASP,0,0.14457750
1GQY,B,388,PHE,0,0.14160110
1GQY,B,389,VAL,0,0.13993017
1GQY,B,390,GLN,0,0.14598726
1GQY,B,391,VAL,0,0.14902696
1GQY,B,392,LEU,0,0.15025698
1GQY,B,393,SER,0,0.16345952
1GQY,B,394,GLN,0,0.17713359
1GQY,B,395,VAL,0,0.17494936
1GQY,B,396,ASP,0,0.19687934
1GQY,B,397,ALA,0,0.20107065
1GQY,B,398,LEU,0,0.23357835
1GQY,B,399,ILE,0,0.29650208
1GQY,B,400,MET,0,0.39413667
1GQY,B,401,LEU,0,0.57137138
1GQY,B,402,ASP,0,0.60620284
1GQY,B,403,VAL,0,0.68463522
1GQY,B,404,TYR,0,0.71612823
1GQY,B,405,ALA,0,0.70605958
1GQY,B,406,ALA,0,0.73778319
1GQY,B,407,GLY,0,0.64694023
1GQY,B,408,GLU,0,0.37436679
1GQY,B,409,ALA,0,0.28280920
1GQY,B,410,PRO,0,0.21443382
1GQY,B,411,ILE,0,0.17928921
1GQY,B,412,VAL,0,0.16527694
1GQY,B,413,GLY,0,0.15070584
1GQY,B,414,ALA,0,0.15192999
1GQY,B,415,ASP,0,0.15936655
1GQY,B,416,SER,0,0.16946423
1GQY,B,417,LYS,0,0.14964369
1GQY,B,418,SER,0,0.13759650
1GQY,B,419,LEU,0,0.13647750
1GQY,B,420,CYS,0,0.13737135
1GQY,B,421,ARG,0,0.13057300
1GQY,B,422,SER,0,0.13269354
1GQY,B,423,ILE,0,0.13548581
1GQY,B,424,ARG,0,0.13727283
1GQY,B,425,ASN,0,0.15157741
1GQY,B,426,LEU,0,0.16404583
1GQY,B,427,GLY,0,0.17270032
1GQY,B,428,LYS,0,0.17980261
1GQY,B,429,VAL,0,0.17190950
1GQY,B,430,ASP,0,0.17800477
1GQY,B,431,PRO,0,0.19971623
1GQY,B,432,ILE,0,0.21256953
1GQY,B,433,LEU,0,0.24530286
1GQY,B,434,VAL,0,0.22634391
1GQY,B,435,SER,0,0.23076801
1GQY,B,436,ASP,0,0.18243995
1GQY,B,437,THR,0,0.18019737
1GQY,B,438,SER,0,0.14558406
1GQY,B,439,GLN,0,0.14113849
1GQY,B,440,LEU,0,0.13571900
1GQY,B,441,GLY,0,0.13269791
1GQY,B,442,ASP,0,0.13339676
1GQY,B,443,VAL,0,0.13464180
1GQY,B,444,LEU,0,0.13943717
1GQY,B,445,ASP,0,0.15584689
1GQY,B,446,GLN,0,0.15796800
1GQY,B,447,ILE,0,0.16178755
1GQY,B,448,ILE,0,0.17002411
1GQY,B,449,GLN,0,0.17684840
1GQY,B,450,ASP,0,0.18055679
1GQY,B,451,GLY,0,0.17386171
1GQY,B,452,ASP,0,0.17525235
1GQY,B,453,LEU,0,0.16775157
1GQY,B,454,ILE,0,0.18037017
1GQY,B,455,LEU,0,0.20703405
1GQY,B,456,ALA,0,0.28362507
1GQY,B,457,GLN,0,0.65261167
1GQY,B,458,GLY,0,0.76767582
1GQY,B,459,ALA,0,0.76510137
1GQY,B,460,GLY,0,0.56368369
1GQY,B,461,SER,0,0.22988456
1GQY,B,462,VAL,0,0.18418634
1GQY,B,463,SER,0,0.16649120
1GQY,B,464,LYS,0,0.13877977
1GQY,B,465,ILE,0,0.13623571
1GQY,B,466,SER,0,0.13250390
1GQY,B,467,ARG,0,0.12809086
1GQY,B,468,GLY,0,0.12677498
1GQY,B,469,LEU,0,0.12807776
1GQY,B,470,ALA,0,0.13046677
1GQY,B,471,GLU,0,0.13721514
1GQY,B,472,SER,0,0.14513060
1GQY,B,473,TRP,0,0.14915161
1GQY,B,474,LYS,0,0.14896838
2HNX,A,-4,ARG,0,0.10876878
2HNX,A,-3,GLY,0,0.10457089
2HNX,A,-2,SER,0,0.09929182
2HNX,A,-1,HIS,0,0.09175225
2HNX,A,0,MET,0,0.09110837
2HNX,A,1,CYS,0,0.08402679
2HNX,A,2,ASP,0,0.08551569
2HNX,A,3,ALA,0,0.08265094
2HNX,A,4,PHE,0,0.10157283
2HNX,A,5,VAL,0,0.11720861
2HNX,A,6,GLY,0,0.14869756
2HNX,A,7,THR,0,0.19301710
2HNX,A,8,TRP,0,0.23549746
2HNX,A,9,LYS,0,0.27602205
2HNX,A,10,LEU,0,0.30858678
2HNX,A,11,VAL,0,0.31044659
2HNX,A,12,SER,0,0.30387324
2HNX,A,13,SER,0,0.29586828
2HNX,A,14,GLU,0,0.29679930
2HNX,A,15,ASN,0,0.28593713
2HNX,A,16,PHE,0,0.27061823
2HNX,A,17,ASP,0,0.26149189
2HNX,A,18,ASP,0,0.24577223
2HNX,A,19,TYR,0,0.24486192
2HNX,A,20,MET,1,0.29367480
2HNX,A,21,LYS,0,0.32208556
2HNX,A,22,GLU,0,0.34661463
2HNX,A,23,VAL,0,0.38270664
2HNX,A,24,GLY,0,0.41546097
2HNX,A,25,VAL,0,0.42513761
2HNX,A,26,GLY,0,0.42594513
2HNX,A,27,PHE,0,0.40780732
2HNX,A,28,ALA,0,0.37512136
2HNX,A,29,THR,0,0.34526047
2HNX,A,30,ARG,0,0.33788013
2HNX,A,31,LYS,0,0.33393067
2HNX,A,32,VAL,0,0.35581732
2HNX,A,33,ALA,1,0.38901991
2HNX,A,34,GLY,0,0.43314928
2HNX,A,35,MET,0,0.44907415
2HNX,A,36,ALA,1,0.46766880
2HNX,A,37,LYS,0,0.47117555
2HNX,A,38,PRO,1,0.47606841
2HNX,A,39,ASN,0,0.45673686
2HNX,A,40,MET,0,0.39104030
2HNX,A,41,ILE,0,0.29122677
2HNX,A,42,ILE,0,0.23286454
2HNX,A,43,SER,0,0.18836240
2HNX,A,44,VAL,0,0.17264110
2HNX,A,45,ASN,0,0.17399438
2HNX,A,46,GLY,0,0.17052202
2HNX,A,47,ASP,0,0.17596355
2HNX,A,48,VAL,0,0.17873259
2HNX,A,49,ILE,0,0.19272494
2HNX,A,50,THR,0,0.21501270
2HNX,A,51,ILE,0,0.29474917
2HNX,A,52,LYS,0,0.35585204
2HNX,A,53,SER,1,0.42679361
2HNX,A,54,GLU,0,0.41677165
2HNX,A,55,SER,0,0.40786797
2HNX,A,56,THR,0,0.37792739
2HNX,A,57,PHE,0,0.36761001
2HNX,A,58,LYS,0,0.34728789
2HNX,A,59,ASN,0,0.34599406
2HNX,A,60,THR,0,0.33176500
2HNX,A,61,GLU,0,0.31398833
2HNX,A,62,ILE,0,0.29421163
2HNX,A,63,SER,0,0.26918018
2HNX,A,64,PHE,0,0.24755634
2HNX,A,65,ILE,0,0.23114254
2HNX,A,66,LEU,0,0.21607204
2HNX,A,67,GLY,0,0.22195151
2HNX,A,68,GLN,0,0.21528557
2HNX,A,69,GLU,0,0.22882569
2HNX,A,70,PHE,0,0.24339992
2HNX,A,71,ASP,0,0.28257117
2HNX,A,72,GLU,0,0.32621834
2HNX,A,73,VAL,0,0.39897993
2HNX,A,74,THR,1,0.43448928
2HNX,A,75,ALA,1,0.44756058
2HNX,A,76,ASP,1,0.43043387
2HNX,A,77,ASP,0,0.40393150
2HNX,A,78,ARG,0,0.36708543
2HNX,A,79,LYS,0,0.34444788
2HNX,A,80,VAL,0,0.33901095
2HNX,A,81,LYS,0,0.30821028
2HNX,A,82,SER,0,0.30155039
2HNX,A,83,THR,0,0.24800341
2HNX,A,84,ILE,0,0.20007309
2HNX,A,85,THR,0,0.16320175
2HNX,A,86,LEU,0,0.14191231
2HNX,A,87,ASP,0,0.13393371
2HNX,A,88,GLY,0,0.12974152
2HNX,A,89,GLY,0,0.12437405
2HNX,A,90,VAL,0,0.13302426
2HNX,A,91,LEU,0,0.14608318
2HNX,A,92,VAL,0,0.15702103
2HNX,A,93,HIS,0,0.20477664
2HNX,A,94,VAL,0,0.22259645
2HNX,A,95,GLN,0,0.24200344
2HNX,A,96,LYS,0,0.22267681
2HNX,A,97,TRP,0,0.22862196
2HNX,A,98,ASP,0,0.20838685
2HNX,A,99,GLY,0,0.20763758
2HNX,A,100,LYS,0,0.21432060
2HNX,A,101,SER,0,0.22104658
2HNX,A,102,THR,0,0.26008341
2HNX,A,103,THR,0,0.23804088
2HNX,A,104,ILE,0,0.26280656
2HNX,A,105,LYS,0,0.17649439
2HNX,A,106,ARG,0,0.15575024
2HNX,A,107,LYS,0,0.13217387
2HNX,A,108,ARG,0,0.12103787
2HNX,A,109,GLU,0,0.13029420
2HNX,A,110,ASP,0,0.12307919
2HNX,A,111,ASP,0,0.14710259
2HNX,A,112,LYS,0,0.15643618
2HNX,A,113,LEU,0,0.16964225
2HNX,A,114,VAL,0,0.19179137
2HNX,A,115,VAL,0,0.24855217
2HNX,A,116,GLU,0,0.27578744
2HNX,A,117,CYS,0,0.27986270
2HNX,A,118,VAL,0,0.27913335
2HNX,A,119,MET,0,0.28835312
2HNX,A,120,LYS,0,0.29509994
2HNX,A,121,GLY,0,0.28657347
2HNX,A,122,VAL,0,0.30357862
2HNX,A,123,THR,0,0.30664271
2HNX,A,124,SER,0,0.34155750
2HNX,A,125,THR,0,0.35954058
2HNX,A,126,ARG,1,0.40397131
2HNX,A,127,VAL,0,0.37713078
2HNX,A,128,TYR,0,0.37812227
2HNX,A,129,GLU,0,0.34612882
2HNX,A,130,ARG,0,0.34402516
2HNX,A,131,ALA,0,0.37974641
2K1V,B,1,ARG,0,0.18894356
2K1V,B,2,ALA,0,0.17834456
2K1V,B,3,ALA,0,0.17792115
2K1V,B,4,PRO,0,0.18165350
2K1V,B,5,TYR,0,0.18400569
2K1V,B,6,GLY,0,0.19040245
2K1V,B,7,VAL,0,0.19192106
2K1V,B,8,ARG,0,0.18913566
2K1V,B,9,LEU,0,0.17337744
2K1V,B,10,CYS,0,0.16463383
2K1V,B,11,GLY,0,0.15612391
2K1V,B,12,ARG,0,0.15304433
2K1V,B,13,GLU,0,0.15264560
2K1V,B,14,PHE,0,0.15647092
2K1V,B,15,ILE,0,0.14990604
2K1V,B,16,ARG,0,0.15100908
2K1V,B,17,ALA,0,0.15138777
2K1V,B,18,VAL,0,0.15198079
2K1V,B,19,ILE,0,0.15742220
2K1V,B,20,PHE,0,0.16156562
2K1V,B,21,THR,0,0.16526079
2K1V,B,22,CYS,0,0.16853808
2K1V,B,23,GLY,0,0.17725831
2K1V,B,24,GLY,0,0.17516667
2K1V,B,25,SER,0,0.17474508
2K1V,B,26,ARG,0,0.17226966
2K1V,B,27,TRP,0,0.17143725
2K1V,A,5,ASP,1,0.30364853
2K1V,A,6,LEU,1,0.29169786
2K1V,A,7,GLN,1,0.28607231
2K1V,A,8,THR,1,0.27178267
2K1V,A,9,LEU,1,0.26126584
2K1V,A,10,CYS,1,0.24442445
2K1V,A,11,CYS,0,0.24802913
2K1V,A,12,THR,0,0.27685729
2K1V,A,13,ASP,0,0.27835414
2K1V,A,14,GLY,0,0.28578183
2K1V,A,15,CYS,0,0.27761614
2K1V,A,16,SER,0,0.26645413
2K1V,A,17,MET,0,0.24466005
2K1V,A,18,THR,0,0.23711523
2K1V,A,19,ASP,0,0.23206149
2K1V,A,20,LEU,0,0.22293061
2K1V,A,21,SER,0,0.20963638
2K1V,A,22,ALA,0,0.21648034
2K1V,A,23,LEU,0,0.21426424
2K1V,A,24,CYS,0,0.21271972
2WER,A,1,MET,0,0.23463286
2WER,A,2,ALA,0,0.22292350
2WER,A,3,SER,0,0.20478562
2WER,A,4,GLU,0,0.18505079
2WER,A,5,THR,0,0.16179337
2WER,A,6,PHE,0,0.15196104
2WER,A,7,GLU,0,0.13825026
2WER,A,8,PHE,0,0.13328201
2WER,A,9,GLN,0,0.11724167
2WER,A,10,ALA,0,0.11405507
2WER,A,11,GLU,0,0.10597958
2WER,A,12,ILE,0,0.09901990
2WER,A,13,THR,0,0.09925417
2WER,A,14,GLN,0,0.10238142
2WER,A,15,LEU,0,0.10448388
2WER,A,16,MET,0,0.10561384
2WER,A,17,SER,0,0.10611227
2WER,A,18,LEU,0,0.10964857
2WER,A,19,ILE,0,0.11286495
2WER,A,20,ILE,0,0.11523844
2WER,A,21,ASN,0,0.11756767
2WER,A,22,THR,0,0.12285312
2WER,A,23,VAL,0,0.12712385
2WER,A,24,TYR,0,0.13429126
2WER,A,25,SER,0,0.13330391
2WER,A,26,ASN,0,0.13061878
2WER,A,27,LYS,0,0.12619261
2WER,A,28,GLU,0,0.12327782
2WER,A,29,ILE,0,0.12347598
2WER,A,30,PHE,0,0.12702170
2WER,A,31,LEU,0,0.12708056
2WER,A,32,ARG,0,0.13679111
2WER,A,33,GLU,0,0.16966237
2WER,A,34,ILE,1,0.21137756
2WER,A,35,VAL,0,0.26075917
2WER,A,36,SER,0,0.43201011
2WER,A,37,ASN,1,0.56582612
2WER,A,38,ALA,1,0.59624952
2WER,A,39,SER,0,0.41790926
2WER,A,40,ASP,1,0.44564191
2WER,A,41,ALA,1,0.35474661
2WER,A,42,LEU,0,0.24373591
2WER,A,43,ASP,0,0.18107109
2WER,A,44,LYS,1,0.16716567
2WER,A,45,ILE,0,0.14956346
2WER,A,46,ARG,0,0.12097660
2WER,A,47,TYR,0,0.11245738
2WER,A,48,LYS,0,0.11098430
2WER,A,49,SER,0,0.10869772
2WER,A,50,LEU,0,0.10926060
2WER,A,51,SER,0,0.11096833
2WER,A,52,ASP,0,0.10455669
2WER,A,53,PRO,0,0.10258326
2WER,A,54,LYS,0,0.09962896
2WER,A,55,GLN,0,0.11550742
2WER,A,56,LEU,0,0.10869025
2WER,A,57,GLU,0,0.11022104
2WER,A,58,THR,0,0.14059460
2WER,A,59,GLU,0,0.14674480
2WER,A,60,PRO,0,0.12838914
2WER,A,61,ASP,0,0.16296531
2WER,A,62,LEU,0,0.17787603
2WER,A,63,PHE,0,0.18166845
2WER,A,64,ILE,0,0.19404322
2WER,A,65,ARG,0,0.18639821
2WER,A,66,ILE,0,0.16046000
2WER,A,67,THR,0,0.14081430
2WER,A,68,PRO,0,0.12155957
2WER,A,69,LYS,0,0.12007076
2WER,A,70,PRO,0,0.12085236
2WER,A,71,GLU,0,0.12364369
2WER,A,72,GLN,0,0.12153480
2WER,A,73,LYS,0,0.11733235
2WER,A,74,VAL,0,0.11504742
2WER,A,75,LEU,0,0.12852535
2WER,A,76,GLU,0,0.17745629
2WER,A,77,ILE,0,0.63351589
2WER,A,78,ARG,0,0.78874242
2WER,A,79,ASP,1,0.81378186
2WER,A,80,SER,0,0.81662172
2WER,A,81,GLY,1,0.81830049
2WER,A,82,ILE,1,0.82232475
2WER,A,83,GLY,1,0.83002388
2WER,A,84,MET,1,0.75106514
2WER,A,85,THR,0,0.30477384
2WER,A,86,LYS,0,0.19615899
2WER,A,87,ALA,0,0.16302258
2WER,A,88,GLU,0,0.15859751
2WER,A,89,LEU,0,0.16168557
2WER,A,90,ILE,0,0.14728048
2WER,A,91,ASN,0,0.19375172
2WER,A,92,ASN,1,0.24965183
2WER,A,93,LEU,1,0.32444096
2WER,A,94,GLY,0,0.32477528
2WER,A,95,THR,0,0.30535945
2WER,A,96,ILE,0,0.29333952
2WER,A,97,ALA,0,0.25073868
2WER,A,98,LYS,0,0.21282385
2WER,A,99,SER,0,0.18661684
2WER,A,100,GLY,0,0.15358864
2WER,A,101,THR,0,0.13045950
2WER,A,102,LYS,0,0.11811051
2WER,A,103,ALA,0,0.11551210
2WER,A,104,PHE,0,0.11436495
2WER,A,105,MET,0,0.11430911
2WER,A,106,GLU,0,0.12219291
2WER,A,107,ALA,0,0.13054949
2WER,A,108,LEU,0,0.13795201
2WER,A,109,SER,0,0.14533648
2WER,A,110,ALA,0,0.15769017
2WER,A,111,GLY,0,0.16348669
2WER,A,112,ALA,0,0.16007391
2WER,A,113,ASP,0,0.15168437
2WER,A,114,VAL,0,0.14054240
2WER,A,115,SER,0,0.13716978
2WER,A,116,MET,0,0.13380900
2WER,A,117,ILE,0,0.13502406
2WER,A,118,GLY,0,0.14046204
2WER,A,119,GLN,0,0.14529566
2WER,A,120,PHE,0,0.14750272
2WER,A,121,GLY,0,0.16686706
2WER,A,122,VAL,0,0.19201307
2WER,A,123,GLY,0,0.28131595
2WER,A,124,PHE,1,0.42365611
2WER,A,125,TYR,0,0.40213120
2WER,A,126,SER,0,0.32131320
2WER,A,127,LEU,0,0.21259791
2WER,A,128,PHE,0,0.15848093
2WER,A,129,LEU,0,0.15108885
2WER,A,130,VAL,0,0.14913240
2WER,A,131,ALA,0,0.14089775
2WER,A,132,ASP,0,0.13181268
2WER,A,133,ARG,0,0.12654155
2WER,A,134,VAL,0,0.13457978
2WER,A,135,GLN,0,0.13529943
2WER,A,136,VAL,0,0.18978253
2WER,A,137,ILE,0,0.25802064
2WER,A,138,SER,0,0.41513723
2WER,A,139,LYS,0,0.37856099
2WER,A,140,SER,0,0.33526564
2WER,A,141,ASN,0,0.24054986
2WER,A,142,ASP,0,0.25800008
2WER,A,143,ASP,0,0.24520345
2WER,A,144,GLU,0,0.21596572
2WER,A,145,GLN,0,0.21325910
2WER,A,146,TYR,0,0.20020702
2WER,A,147,ILE,0,0.18782286
2WER,A,148,TRP,0,0.21341307
2WER,A,149,GLU,0,0.22420326
2WER,A,150,SER,0,0.21554595
2WER,A,151,ASN,0,0.20379220
2WER,A,152,ALA,0,0.18647601
2WER,A,153,GLY,0,0.17301136
2WER,A,154,GLY,0,0.15968922
2WER,A,155,SER,0,0.14666764
2WER,A,156,PHE,0,0.14594904
2WER,A,157,THR,0,0.14466649
2WER,A,158,VAL,0,0.18291786
2WER,A,159,THR,0,0.17313391
2WER,A,160,LEU,0,0.19685483
2WER,A,161,ASP,0,0.18167922
2WER,A,162,GLU,0,0.15439580
2WER,A,163,VAL,0,0.15998714
2WER,A,164,ASN,0,0.17307279
2WER,A,165,GLU,0,0.19181632
2WER,A,166,ARG,0,0.22151941
2WER,A,167,ILE,0,0.28037295
2WER,A,168,GLY,0,0.32914445
2WER,A,169,ARG,0,0.41787314
2WER,A,170,GLY,1,0.57072163
2WER,A,171,THR,1,0.68146634
2WER,A,172,ILE,0,0.60885197
2WER,A,173,LEU,0,0.48665085
2WER,A,174,ARG,0,0.31121415
2WER,A,175,LEU,0,0.27011004
2WER,A,176,PHE,0,0.23494747
2WER,A,177,LEU,0,0.23856214
2WER,A,178,LYS,0,0.23271875
2WER,A,179,ASP,0,0.20861040
2WER,A,180,ASP,0,0.19229239
2WER,A,181,GLN,0,0.16678697
2WER,A,182,LEU,0,0.14539313
2WER,A,183,GLU,0,0.12748419
2WER,A,184,TYR,0,0.10872223
2WER,A,185,LEU,0,0.10929029
2WER,A,186,GLU,0,0.11139248
2WER,A,187,GLU,0,0.10419655
2WER,A,188,LYS,0,0.12582743
2WER,A,189,ARG,0,0.12178831
2WER,A,190,ILE,0,0.12186771
2WER,A,191,LYS,0,0.12275624
2WER,A,192,GLU,0,0.12389053
2WER,A,193,VAL,0,0.11762502
2WER,A,194,ILE,0,0.11508413
2WER,A,195,LYS,0,0.11484118
2WER,A,196,ARG,0,0.11547794
2WER,A,197,HIS,0,0.11564843
2WER,A,198,SER,0,0.11416689
2WER,A,199,GLU,0,0.11183317
2WER,A,200,PHE,0,0.12180541
2WER,A,201,VAL,0,0.15327674
2WER,A,202,ALA,0,0.17028657
2WER,A,203,TYR,0,0.19786507
2WER,A,204,PRO,0,0.21425354
2WER,A,205,ILE,0,0.22906411
2WER,A,206,GLN,0,0.22363123
2WER,A,207,LEU,0,0.19676052
2WER,A,208,VAL,0,0.19092306
2WER,A,209,VAL,0,0.16908494
2WER,A,210,THR,0,0.17198327
2WER,A,211,LYS,0,0.18312515
2WER,A,212,GLU,0,0.18286484
2WER,A,213,VAL,0,0.18722227
2WER,A,214,GLU,0,0.17933303
2WER,B,1,MET,0,0.20034376
2WER,B,2,ALA,0,0.19112661
2WER,B,3,SER,0,0.17895883
2WER,B,4,GLU,0,0.16807096
2WER,B,5,THR,0,0.15139274
2WER,B,6,PHE,0,0.14561956
2WER,B,7,GLU,0,0.13454007
2WER,B,8,PHE,0,0.13123810
2WER,B,9,GLN,0,0.11776081
2WER,B,10,ALA,0,0.11681473
2WER,B,11,GLU,0,0.11024800
2WER,B,12,ILE,0,0.10281201
2WER,B,13,THR,0,0.10374380
2WER,B,14,GLN,0,0.10778201
2WER,B,15,LEU,0,0.10886776
2WER,B,16,MET,0,0.11054249
2WER,B,17,SER,0,0.11182450
2WER,B,18,LEU,0,0.11493874
2WER,B,19,ILE,0,0.11631727
2WER,B,20,ILE,0,0.11977267
2WER,B,21,ASN,0,0.12154108
2WER,B,22,THR,0,0.12591995
2WER,B,23,VAL,0,0.12853611
2WER,B,24,TYR,0,0.13384330
2WER,B,25,SER,0,0.13297014
2WER,B,26,ASN,0,0.13119778
2WER,B,27,LYS,0,0.12700790
2WER,B,28,GLU,0,0.12416419
2WER,B,29,ILE,0,0.12382591
2WER,B,30,PHE,0,0.12707318
2WER,B,31,LEU,0,0.12740624
2WER,B,32,ARG,0,0.13512270
2WER,B,33,GLU,0,0.16037345
2WER,B,34,ILE,1,0.18920110
2WER,B,35,VAL,0,0.22051390
2WER,B,36,SER,0,0.34460512
2WER,B,37,ASN,1,0.42550358
2WER,B,38,ALA,1,0.43518338
2WER,B,39,SER,0,0.30649257
2WER,B,40,ASP,1,0.31896827
2WER,B,41,ALA,1,0.26868230
2WER,B,42,LEU,0,0.20099409
2WER,B,43,ASP,0,0.15822175
2WER,B,44,LYS,0,0.14812234
2WER,B,45,ILE,0,0.13437933
2WER,B,46,ARG,0,0.11509136
2WER,B,47,TYR,0,0.11021129
2WER,B,48,LYS,0,0.10868508
2WER,B,49,SER,0,0.10709155
2WER,B,50,LEU,0,0.11310106
2WER,B,51,SER,0,0.11536866
2WER,B,52,ASP,0,0.10639048
2WER,B,53,PRO,0,0.10461208
2WER,B,54,LYS,0,0.10111518
2WER,B,55,GLN,0,0.10839751
2WER,B,56,LEU,0,0.10399167
2WER,B,57,GLU,0,0.10508034
2WER,B,58,THR,0,0.12596452
2WER,B,59,GLU,0,0.13047563
2WER,B,60,PRO,0,0.11685374
2WER,B,61,ASP,0,0.13933393
2WER,B,62,LEU,0,0.15301333
2WER,B,63,PHE,0,0.15763089
2WER,B,64,ILE,0,0.17197010
2WER,B,65,ARG,0,0.16534932
2WER,B,66,ILE,0,0.14783898
2WER,B,67,THR,0,0.13324791
2WER,B,68,PRO,0,0.12113432
2WER,B,69,LYS,0,0.11908797
2WER,B,70,PRO,0,0.12521225
2WER,B,71,GLU,0,0.12820913
2WER,B,72,GLN,0,0.12641989
2WER,B,73,LYS,0,0.12256959
2WER,B,74,VAL,0,0.11561213
2WER,B,75,LEU,0,0.12589470
2WER,B,76,GLU,0,0.16095270
2WER,B,77,ILE,0,0.53984594
2WER,B,78,ARG,0,0.73924363
2WER,B,79,ASP,1,0.77614653
2WER,B,80,SER,0,0.77750111
2WER,B,81,GLY,1,0.78161812
2WER,B,82,ILE,1,0.78414702
2WER,B,83,GLY,1,0.78894126
2WER,B,84,MET,1,0.65267330
2WER,B,85,THR,0,0.23296511
2WER,B,86,LYS,0,0.16334246
2WER,B,87,ALA,0,0.14050339
2WER,B,88,GLU,0,0.13830592
2WER,B,89,LEU,0,0.14216934
2WER,B,90,ILE,0,0.13426399
2WER,B,91,ASN,0,0.16705024
2WER,B,92,ASN,1,0.20534386
2WER,B,93,LEU,1,0.26496065
2WER,B,94,GLY,0,0.26200473
2WER,B,95,THR,0,0.24605918
2WER,B,96,ILE,0,0.22178358
2WER,B,97,ALA,0,0.18579453
2WER,B,98,LYS,0,0.16602591
2WER,B,99,SER,0,0.15400226
2WER,B,100,GLY,0,0.13816948
2WER,B,101,THR,0,0.12470201
2WER,B,102,LYS,0,0.11690729
2WER,B,103,ALA,0,0.11757970
2WER,B,104,PHE,0,0.11685978
2WER,B,105,MET,0,0.11772162
2WER,B,106,GLU,0,0.12407395
2WER,B,107,ALA,0,0.12990607
2WER,B,108,LEU,0,0.13568710
2WER,B,109,SER,0,0.13964674
2WER,B,110,ALA,0,0.14737178
2WER,B,111,GLY,0,0.15135244
2WER,B,112,ALA,0,0.14981046
2WER,B,113,ASP,0,0.14489239
2WER,B,114,VAL,0,0.13826329
2WER,B,115,SER,0,0.13585307
2WER,B,116,MET,0,0.13362552
2WER,B,117,ILE,0,0.13441299
2WER,B,118,GLY,0,0.13882004
2WER,B,119,GLN,0,0.14332499
2WER,B,120,PHE,0,0.14597712
2WER,B,121,GLY,0,0.16371700
2WER,B,122,VAL,0,0.18737862
2WER,B,123,GLY,0,0.26711592
2WER,B,124,PHE,1,0.36941135
2WER,B,125,TYR,0,0.33080769
2WER,B,126,SER,0,0.26386595
2WER,B,127,LEU,0,0.19084229
2WER,B,128,PHE,0,0.15159121
2WER,B,129,LEU,0,0.14391200
2WER,B,130,VAL,0,0.14216207
2WER,B,131,ALA,0,0.13710532
2WER,B,132,ASP,0,0.13080877
2WER,B,133,ARG,0,0.12475690
2WER,B,134,VAL,0,0.12600030
2WER,B,135,GLN,0,0.12652004
2WER,B,136,VAL,0,0.16869430
2WER,B,137,ILE,0,0.21521352
2WER,B,138,SER,0,0.34438115
2WER,B,139,LYS,0,0.31211883
2WER,B,140,SER,0,0.28112137
2WER,B,141,ASN,0,0.20798758
2WER,B,142,ASP,0,0.21497966
2WER,B,143,ASP,0,0.20462427
2WER,B,144,GLU,0,0.18013403
2WER,B,145,GLN,0,0.17903271
2WER,B,146,TYR,0,0.17107674
2WER,B,147,ILE,0,0.16875280
2WER,B,148,TRP,0,0.18619083
2WER,B,149,GLU,0,0.19454566
2WER,B,150,SER,0,0.18953919
2WER,B,151,ASN,0,0.18467849
2WER,B,152,ALA,0,0.17047608
2WER,B,153,GLY,0,0.15723382
2WER,B,154,GLY,0,0.14708991
2WER,B,155,SER,0,0.13775204
2WER,B,156,PHE,0,0.13715757
2WER,B,157,THR,0,0.13599579
2WER,B,158,VAL,0,0.16320419
2WER,B,159,THR,0,0.15566266
2WER,B,160,LEU,0,0.16912906
2WER,B,161,ASP,0,0.15382594
2WER,B,162,GLU,0,0.13594547
2WER,B,163,VAL,0,0.13727123
2WER,B,164,ASN,0,0.14373165
2WER,B,165,GLU,0,0.15759088
2WER,B,166,ARG,0,0.17780572
2WER,B,167,ILE,0,0.22419231
2WER,B,168,GLY,0,0.26024345
2WER,B,169,ARG,0,0.34698024
2WER,B,170,GLY,0,0.47687912
2WER,B,171,THR,1,0.58140689
2WER,B,172,ILE,0,0.49079338
2WER,B,173,LEU,0,0.44127864
2WER,B,174,ARG,0,0.25466177
2WER,B,175,LEU,0,0.22230862
2WER,B,176,PHE,0,0.19716729
2WER,B,177,LEU,0,0.20372929
2WER,B,178,LYS,0,0.19961947
2WER,B,179,ASP,0,0.18452246
2WER,B,180,ASP,0,0.17405547
2WER,B,181,GLN,0,0.15764077
2WER,B,182,LEU,0,0.14325415
2WER,B,183,GLU,0,0.13090256
2WER,B,184,TYR,0,0.11485177
2WER,B,185,LEU,0,0.11469978
2WER,B,186,GLU,0,0.11731873
2WER,B,187,GLU,0,0.10686012
2WER,B,188,LYS,0,0.12658441
2WER,B,189,ARG,0,0.12368984
2WER,B,190,ILE,0,0.12360624
2WER,B,191,LYS,0,0.12418305
2WER,B,192,GLU,0,0.12543501
2WER,B,193,VAL,0,0.11852162
2WER,B,194,ILE,0,0.11836071
2WER,B,195,LYS,0,0.11925922
2WER,B,196,ARG,0,0.12002560
2WER,B,197,HIS,0,0.11972302
2WER,B,198,SER,0,0.11609026
2WER,B,199,GLU,0,0.11594581
2WER,B,200,PHE,0,0.11832644
2WER,B,201,VAL,0,0.14028001
2WER,B,202,ALA,0,0.15369838
2WER,B,203,TYR,0,0.17381687
2WER,B,204,PRO,0,0.18334100
2WER,B,205,ILE,0,0.19655751
2WER,B,206,GLN,0,0.19411404
2WER,B,207,LEU,0,0.18159041
2WER,B,208,VAL,0,0.17228377
2WER,B,209,VAL,0,0.15887229
2WER,B,210,THR,0,0.16065508
2WER,B,211,LYS,0,0.17082092
2WER,B,212,GLU,0,0.17144349
2WER,B,213,VAL,0,0.17569607
2WER,B,214,GLU,0,0.17090324
3FU8,A,1,GLU,0,0.15848035
3FU8,A,2,PRO,0,0.15562536
3FU8,A,3,THR,0,0.15606920
3FU8,A,4,CYS,0,0.15242979
3FU8,A,5,ASN,0,0.15188962
3FU8,A,6,THR,0,0.14741762
3FU8,A,7,PRO,0,0.14546819
3FU8,A,8,SER,0,0.14226978
3FU8,A,9,ASN,0,0.14384215
3FU8,A,10,ARG,0,0.14415671
3FU8,A,11,ALA,0,0.14844717
3FU8,A,12,CYS,0,0.15269881
3FU8,A,13,TRP,0,0.15474066
3FU8,A,14,SER,0,0.15778181
3FU8,A,15,ASP,0,0.15994816
3FU8,A,16,GLY,0,0.16000757
3FU8,A,17,PHE,0,0.15521970
3FU8,A,18,ASP,0,0.15572312
3FU8,A,19,ILE,0,0.15102118
3FU8,A,20,ASN,0,0.14593424
3FU8,A,21,THR,0,0.13992251
3FU8,A,22,ASP,0,0.13883416
3FU8,A,23,TYR,0,0.13301900
3FU8,A,24,GLU,0,0.13497137
3FU8,A,25,VAL,0,0.14339231
3FU8,A,26,SER,0,0.13859175
3FU8,A,27,THR,0,0.14614373
3FU8,A,28,PRO,0,0.15703283
3FU8,A,29,ASP,0,0.16303413
3FU8,A,30,THR,0,0.16190916
3FU8,A,31,GLY,0,0.16220272
3FU8,A,32,VAL,0,0.16293174
3FU8,A,33,THR,0,0.16458094
3FU8,A,34,GLN,0,0.16504155
3FU8,A,35,SER,0,0.16558079
3FU8,A,36,TYR,0,0.16325180
3FU8,A,37,VAL,0,0.15734951
3FU8,A,38,PHE,0,0.17170769
3FU8,A,39,ASN,0,0.18386082
3FU8,A,40,LEU,0,0.21685635
3FU8,A,41,THR,0,0.24618354
3FU8,A,42,GLU,0,0.24370515
3FU8,A,43,VAL,0,0.23861992
3FU8,A,44,ASP,0,0.22847107
3FU8,A,45,ASN,0,0.21428518
3FU8,A,46,TRP,0,0.18295835
3FU8,A,47,MET,0,0.17586794
3FU8,A,48,GLY,0,0.17304812
3FU8,A,49,PRO,0,0.16408268
3FU8,A,50,ASP,0,0.16661280
3FU8,A,51,GLY,0,0.16310900
3FU8,A,52,VAL,0,0.15833631
3FU8,A,53,VAL,0,0.15761562
3FU8,A,54,LYS,0,0.14855152
3FU8,A,55,GLU,0,0.14788345
3FU8,A,56,LYS,0,0.14829229
3FU8,A,57,VAL,0,0.16170959
3FU8,A,58,MET,0,0.18485186
3FU8,A,59,LEU,0,0.30267990
3FU8,A,60,ILE,0,0.37927809
3FU8,A,61,ASN,0,0.44632629
3FU8,A,62,GLY,0,0.43002611
3FU8,A,63,ASN,0,0.42401832
3FU8,A,64,ILE,0,0.40998814
3FU8,A,65,MET,0,0.43143624
3FU8,A,66,GLY,0,0.47123671
3FU8,A,67,PRO,0,0.45064756
3FU8,A,68,ASN,0,0.41087255
3FU8,A,69,ILE,0,0.25998157
3FU8,A,70,VAL,0,0.21346550
3FU8,A,71,ALA,0,0.19275197
3FU8,A,72,ASN,0,0.18359987
3FU8,A,73,TRP,0,0.17930880
3FU8,A,74,GLY,0,0.17880191
3FU8,A,75,ASP,0,0.17750892
3FU8,A,76,THR,0,0.18193956
3FU8,A,77,VAL,0,0.18910502
3FU8,A,78,GLU,0,0.18209523
3FU8,A,79,VAL,0,0.18804584
3FU8,A,80,THR,0,0.17310399
3FU8,A,81,VAL,0,0.18546839
3FU8,A,82,ILE,0,0.18975823
3FU8,A,83,ASN,0,0.26404899
3FU8,A,84,ASN,0,0.24957399
3FU8,A,85,LEU,0,0.30756229
3FU8,A,86,VAL,0,0.30122268
3FU8,A,87,THR,0,0.34558070
3FU8,A,88,ASN,0,0.37888217
3FU8,A,89,GLY,0,0.48159307
3FU8,A,90,THR,0,0.62540495
3FU8,A,91,SER,0,0.74500203
3FU8,A,92,ILE,0,0.76843613
3FU8,A,93,HIS,0,0.78280777
3FU8,A,94,TRP,0,0.78968686
3FU8,A,95,HIS,0,0.80544037
3FU8,A,96,GLY,1,0.80312186
3FU8,A,97,ILE,1,0.77167249
3FU8,A,99,GLN,1,0.66239858
3FU8,A,100,LYS,1,0.27769092
3FU8,A,101,ASP,0,0.19959946
3FU8,A,102,THR,0,0.16926442
3FU8,A,103,ASN,0,0.18846300
3FU8,A,104,LEU,0,0.16032954
3FU8,A,105,HIS,0,0.18121639
3FU8,A,106,ASP,0,0.23260069
3FU8,A,107,GLY,0,0.27224240
3FU8,A,108,ALA,0,0.35024527
3FU8,A,109,ASN,0,0.38064849
3FU8,A,110,GLY,0,0.38051808
3FU8,A,111,VAL,0,0.42082477
3FU8,A,112,THR,0,0.42467618
3FU8,A,113,GLU,0,0.42470056
3FU8,A,114,CYS,0,0.42182064
3FU8,A,115,PRO,0,0.43227938
3FU8,A,116,ILE,0,0.36992198
3FU8,A,117,PRO,0,0.27919185
3FU8,A,118,PRO,0,0.19811784
3FU8,A,119,LYS,0,0.15583998
3FU8,A,120,GLY,0,0.14994548
3FU8,A,121,GLY,0,0.14569367
3FU8,A,122,GLN,0,0.14697464
3FU8,A,123,ARG,0,0.14570448
3FU8,A,124,THR,0,0.15125722
3FU8,A,125,TYR,0,0.14849208
3FU8,A,126,ARG,0,0.14701404
3FU8,A,127,TRP,0,0.14991561
3FU8,A,128,ARG,0,0.14911671
3FU8,A,129,ALA,0,0.16304600
3FU8,A,130,ARG,0,0.16143692
3FU8,A,131,GLN,0,0.17269793
3FU8,A,132,TYR,0,0.18723157
3FU8,A,133,GLY,0,0.22140802
3FU8,A,134,THR,0,0.27756891
3FU8,A,135,SER,0,0.38955054
3FU8,A,136,TRP,0,0.48945463
3FU8,A,137,TYR,0,0.55853879
3FU8,A,138,HIS,0,0.64867502
3FU8,A,139,SER,0,0.68614018
3FU8,A,140,HIS,0,0.71386063
3FU8,A,141,PHE,0,0.69017386
3FU8,A,142,SER,0,0.60840380
3FU8,A,143,ALA,0,0.43866453
3FU8,A,144,GLN,0,0.34284294
3FU8,A,145,TYR,0,0.30755952
3FU8,A,146,GLY,0,0.26730940
3FU8,A,147,ASN,0,0.26622665
3FU8,A,148,GLY,0,0.29583082
3FU8,A,149,VAL,0,0.33690369
3FU8,A,150,VAL,0,0.37260216
3FU8,A,151,GLY,0,0.38173854
3FU8,A,152,THR,0,0.37627447
3FU8,A,153,ILE,0,0.33753633
3FU8,A,154,GLN,0,0.32155657
3FU8,A,155,ILE,0,0.33452368
3FU8,A,156,ASN,0,0.34811252
3FU8,A,157,GLY,0,0.35192278
3FU8,A,158,PRO,0,0.34862575
3FU8,A,159,ALA,0,0.32521448
3FU8,A,160,SER,0,0.29452023
3FU8,A,161,LEU,0,0.25398952
3FU8,A,162,PRO,0,0.21900962
3FU8,A,163,TYR,0,0.19076639
3FU8,A,164,ASP,0,0.19573513
3FU8,A,165,ILE,0,0.20750657
3FU8,A,166,ASP,0,0.25462130
3FU8,A,167,LEU,0,0.28451627
3FU8,A,168,GLY,0,0.31266448
3FU8,A,169,VAL,0,0.28554526
3FU8,A,170,PHE,0,0.25405225
3FU8,A,171,PRO,0,0.22168222
3FU8,A,172,ILE,0,0.21076860
3FU8,A,173,THR,0,0.22293192
3FU8,A,174,ASP,0,0.20862451
3FU8,A,175,TYR,0,0.17554870
3FU8,A,176,TYR,0,0.15374443
3FU8,A,177,TYR,0,0.13936880
3FU8,A,178,ARG,0,0.12821443
3FU8,A,179,ALA,0,0.12774698
3FU8,A,180,ALA,0,0.13559249
3FU8,A,181,ASP,0,0.13240239
3FU8,A,182,ASP,0,0.11746542
3FU8,A,183,LEU,0,0.11842584
3FU8,A,184,VAL,0,0.12525631
3FU8,A,185,HIS,0,0.11354306
3FU8,A,186,PHE,0,0.11351439
3FU8,A,187,THR,0,0.11772998
3FU8,A,188,GLN,0,0.12411723
3FU8,A,189,ASN,0,0.12919122
3FU8,A,190,ASN,0,0.14455524
3FU8,A,191,ALA,0,0.15488513
3FU8,A,192,PRO,0,0.14744091
3FU8,A,193,PRO,0,0.16141449
3FU8,A,194,PHE,0,0.18535253
3FU8,A,195,SER,0,0.19439137
3FU8,A,196,ASP,0,0.18600073
3FU8,A,197,ASN,0,0.19887567
3FU8,A,198,VAL,0,0.20885462
3FU8,A,199,LEU,0,0.22724143
3FU8,A,200,ILE,0,0.23961285
3FU8,A,201,ASN,0,0.25683194
3FU8,A,202,GLY,0,0.22450869
3FU8,A,203,THR,0,0.21448705
3FU8,A,204,ALA,0,0.20111230
3FU8,A,205,VAL,0,0.19863671
3FU8,A,206,ASN,0,0.19946443
3FU8,A,207,PRO,0,0.18552056
3FU8,A,208,ASN,0,0.18320052
3FU8,A,209,THR,0,0.17255163
3FU8,A,210,GLY,0,0.17011480
3FU8,A,211,GLU,0,0.16924492
3FU8,A,212,GLY,0,0.16839561
3FU8,A,213,GLN,0,0.17560486
3FU8,A,214,TYR,0,0.17363204
3FU8,A,215,ALA,0,0.17840222
3FU8,A,216,ASN,0,0.18018605
3FU8,A,217,VAL,0,0.17664747
3FU8,A,218,THR,0,0.15992723
3FU8,A,219,LEU,0,0.15579045
3FU8,A,220,THR,0,0.15487517
3FU8,A,221,PRO,0,0.15493862
3FU8,A,222,GLY,0,0.16849245
3FU8,A,223,LYS,0,0.16713974
3FU8,A,224,ARG,0,0.17670022
3FU8,A,225,HIS,0,0.18328591
3FU8,A,226,ARG,0,0.19055842
3FU8,A,227,LEU,0,0.21152082
3FU8,A,228,ARG,0,0.22001669
3FU8,A,229,ILE,0,0.25337729
3FU8,A,230,LEU,0,0.32300079
3FU8,A,231,ASN,0,0.41724375
3FU8,A,232,THR,0,0.46592164
3FU8,A,233,SER,0,0.47263098
3FU8,A,234,THR,0,0.49094993
3FU8,A,235,GLU,0,0.47519395
3FU8,A,236,ASN,0,0.44460717
3FU8,A,237,HIS,0,0.43754753
3FU8,A,238,PHE,0,0.41780326
3FU8,A,239,GLN,0,0.40180606
3FU8,A,240,VAL,0,0.40301508
3FU8,A,241,SER,0,0.38455954
3FU8,A,242,LEU,0,0.38244620
3FU8,A,243,VAL,0,0.33649054
3FU8,A,244,ASN,0,0.31594098
3FU8,A,245,HIS,0,0.26696840
3FU8,A,246,THR,0,0.25706756
3FU8,A,247,MET,0,0.23635074
3FU8,A,248,THR,0,0.21877548
3FU8,A,249,VAL,0,0.22336696
3FU8,A,250,ILE,0,0.25695375
3FU8,A,251,ALA,0,0.44908991
3FU8,A,252,ALA,0,0.48460117
3FU8,A,253,ASP,0,0.49648502
3FU8,A,254,MET,0,0.41469648
3FU8,A,255,VAL,0,0.25132996
3FU8,A,256,PRO,0,0.21393664
3FU8,A,257,VAL,0,0.19323827
3FU8,A,258,ASN,0,0.19115108
3FU8,A,259,ALA,0,0.19634101
3FU8,A,260,MET,0,0.20038423
3FU8,A,261,THR,0,0.21949174
3FU8,A,262,VAL,0,0.24213494
3FU8,A,263,ASP,0,0.24298047
3FU8,A,264,SER,0,0.24577968
3FU8,A,265,LEU,0,0.26689523
3FU8,A,266,PHE,0,0.32258245
3FU8,A,267,LEU,0,0.40201455
3FU8,A,268,ALA,0,0.55853283
3FU8,A,269,VAL,0,0.59450972
3FU8,A,270,GLY,0,0.60048848
3FU8,A,271,GLN,0,0.53295964
3FU8,A,272,ARG,0,0.50242382
3FU8,A,273,TYR,0,0.48330981
3FU8,A,274,ASP,0,0.47755045
3FU8,A,275,VAL,0,0.42235878
3FU8,A,276,VAL,0,0.32788652
3FU8,A,277,ILE,0,0.27268705
3FU8,A,278,ASP,0,0.24832641
3FU8,A,279,ALA,0,0.22119696
3FU8,A,280,SER,0,0.21396859
3FU8,A,281,ARG,0,0.19898137
3FU8,A,282,ALA,0,0.19911879
3FU8,A,283,PRO,0,0.20242420
3FU8,A,284,ASP,0,0.22731084
3FU8,A,285,ASN,0,0.25894764
3FU8,A,286,TYR,0,0.27511072
3FU8,A,287,TRP,0,0.30624801
3FU8,A,288,PHE,0,0.32699311
3FU8,A,289,ASN,0,0.37471724
3FU8,A,290,VAL,0,0.37603816
3FU8,A,291,THR,0,0.32272995
3FU8,A,292,PHE,0,0.30032235
3FU8,A,293,GLY,0,0.28218940
3FU8,A,294,GLY,0,0.25753501
3FU8,A,295,GLN,0,0.24658211
3FU8,A,296,ALA,0,0.22919063
3FU8,A,297,ALA,0,0.24293433
3FU8,A,298,CYS,0,0.23827052
3FU8,A,299,GLY,0,0.22163270
3FU8,A,300,GLY,0,0.21145850
3FU8,A,301,SER,0,0.19235668
3FU8,A,302,LEU,0,0.18985443
3FU8,A,303,ASN,0,0.17859253
3FU8,A,304,PRO,0,0.17240892
3FU8,A,305,HIS,0,0.17390095
3FU8,A,306,PRO,0,0.17587098
3FU8,A,307,ALA,0,0.18612690
3FU8,A,308,ALA,0,0.21014002
3FU8,A,309,ILE,0,0.20716487
3FU8,A,310,PHE,0,0.19761814
3FU8,A,311,HIS,0,0.19205654
3FU8,A,312,TYR,0,0.18466827
3FU8,A,313,ALA,0,0.18294035
3FU8,A,314,GLY,0,0.18080851
3FU8,A,315,ALA,0,0.18378127
3FU8,A,316,PRO,0,0.18912235
3FU8,A,317,GLY,0,0.19369729
3FU8,A,318,GLY,0,0.19132605
3FU8,A,319,LEU,0,0.18963559
3FU8,A,320,PRO,0,0.17666493
3FU8,A,321,THR,0,0.17618755
3FU8,A,322,ASP,0,0.16932522
3FU8,A,323,GLU,0,0.17384422
3FU8,A,324,GLY,0,0.17707427
3FU8,A,325,THR,0,0.17077337
3FU8,A,326,PRO,0,0.16233340
3FU8,A,327,PRO,0,0.15214084
3FU8,A,328,VAL,0,0.14904171
3FU8,A,329,ASP,0,0.16257353
3FU8,A,330,HIS,0,0.15886021
3FU8,A,331,GLN,0,0.17277965
3FU8,A,332,CYS,0,0.18733694
3FU8,A,333,LEU,0,0.16571613
3FU8,A,334,ASP,0,0.16598877
3FU8,A,335,THR,0,0.14564678
3FU8,A,336,LEU,0,0.14534035
3FU8,A,337,ASP,0,0.14138985
3FU8,A,338,VAL,0,0.14048989
3FU8,A,339,ARG,0,0.13665280
3FU8,A,340,PRO,0,0.13718794
3FU8,A,341,VAL,0,0.14259529
3FU8,A,342,VAL,0,0.13936473
3FU8,A,343,PRO,0,0.14175706
3FU8,A,344,ARG,0,0.14362599
3FU8,A,345,SER,0,0.14584695
3FU8,A,346,VAL,0,0.14516114
3FU8,A,347,PRO,0,0.14391558
3FU8,A,348,VAL,0,0.13767573
3FU8,A,349,ASN,0,0.14045906
3FU8,A,350,SER,0,0.13976620
3FU8,A,351,PHE,0,0.13975325
3FU8,A,352,VAL,0,0.14871995
3FU8,A,353,LYS,0,0.14123783
3FU8,A,354,ARG,0,0.14556961
3FU8,A,355,PRO,0,0.14000094
3FU8,A,356,ASP,0,0.14468586
3FU8,A,357,ASN,0,0.13944668
3FU8,A,358,THR,0,0.13428599
3FU8,A,359,LEU,0,0.13937722
3FU8,A,360,PRO,0,0.15216255
3FU8,A,361,VAL,0,0.15857612
3FU8,A,362,ALA,0,0.15725455
3FU8,A,363,LEU,0,0.15594660
3FU8,A,364,ASP,0,0.13844863
3FU8,A,365,LEU,0,0.13768178
3FU8,A,366,THR,0,0.14001182
3FU8,A,367,GLY,0,0.13347133
3FU8,A,368,THR,0,0.13370113
3FU8,A,369,PRO,0,0.13185208
3FU8,A,370,LEU,0,0.13252519
3FU8,A,371,PHE,0,0.13663182
3FU8,A,372,VAL,0,0.15164144
3FU8,A,373,TRP,0,0.16636300
3FU8,A,374,LYS,0,0.17677420
3FU8,A,375,VAL,0,0.19160609
3FU8,A,376,ASN,0,0.18833451
3FU8,A,377,GLY,0,0.18715046
3FU8,A,378,SER,0,0.19951868
3FU8,A,379,ASP,0,0.20606387
3FU8,A,380,ILE,0,0.20893513
3FU8,A,381,ASN,0,0.20118405
3FU8,A,382,VAL,0,0.18504092
3FU8,A,383,ASP,0,0.17048925
3FU8,A,384,TRP,0,0.16884138
3FU8,A,385,GLY,0,0.14803165
3FU8,A,386,LYS,0,0.13962290
3FU8,A,387,PRO,0,0.13868828
3FU8,A,388,ILE,0,0.13147935
3FU8,A,389,ILE,0,0.12829062
3FU8,A,390,ASP,0,0.12319702
3FU8,A,391,TYR,0,0.12395041
3FU8,A,392,ILE,0,0.12744428
3FU8,A,393,LEU,0,0.13444735
3FU8,A,394,THR,0,0.14651752
3FU8,A,395,GLY,0,0.14993174
3FU8,A,396,ASN,0,0.15616004
3FU8,A,397,THR,0,0.15406965
3FU8,A,398,SER,0,0.15141346
3FU8,A,399,TYR,0,0.14166296
3FU8,A,400,PRO,0,0.14781322
3FU8,A,401,VAL,0,0.15042581
3FU8,A,402,SER,0,0.15962070
3FU8,A,403,ASP,0,0.16939950
3FU8,A,404,ASN,0,0.18803504
3FU8,A,405,ILE,0,0.18134297
3FU8,A,406,VAL,0,0.18801163
3FU8,A,407,GLN,0,0.16083349
3FU8,A,408,VAL,0,0.15218002
3FU8,A,409,ASP,0,0.14757688
3FU8,A,410,ALA,0,0.14820841
3FU8,A,411,VAL,0,0.15121193
3FU8,A,412,ASP,0,0.15633136
3FU8,A,413,GLN,0,0.16164522
3FU8,A,414,TRP,0,0.17054656
3FU8,A,415,THR,0,0.18525887
3FU8,A,416,TYR,0,0.19297154
3FU8,A,417,TRP,0,0.20587178
3FU8,A,418,LEU,0,0.23663737
3FU8,A,419,ILE,0,0.28451890
3FU8,A,420,GLU,0,0.29067981
3FU8,A,421,ASN,0,0.32460970
3FU8,A,422,ASP,0,0.29754490
3FU8,A,423,PRO,0,0.27770939
3FU8,A,424,GLU,0,0.28203487
3FU8,A,425,GLY,0,0.28511608
3FU8,A,426,PRO,0,0.32243580
3FU8,A,427,PHE,0,0.41560057
3FU8,A,428,SER,0,0.60730970
3FU8,A,429,LEU,0,0.70672238
3FU8,A,430,PRO,0,0.73588479
3FU8,A,431,HIS,0,0.75709647
3FU8,A,432,PRO,0,0.77441561
3FU8,A,433,MET,0,0.78750151
3FU8,A,434,HIS,0,0.80566585
3FU8,A,435,LEU,0,0.80931300
3FU8,A,436,HIS,0,0.81648678
3FU8,A,437,GLY,1,0.78159702
3FU8,A,438,HIS,1,0.77465802
3FU8,A,439,ASP,1,0.75144947
3FU8,A,440,PHE,0,0.62568772
3FU8,A,441,LEU,0,0.40692478
3FU8,A,442,VAL,0,0.33812174
3FU8,A,443,LEU,0,0.28512639
3FU8,A,444,GLY,0,0.26827884
3FU8,A,445,ARG,0,0.26377061
3FU8,A,446,SER,0,0.26145968
3FU8,A,447,PRO,0,0.23914593
3FU8,A,448,ASP,0,0.23875184
3FU8,A,449,VAL,0,0.22022851
3FU8,A,450,PRO,0,0.19935358
3FU8,A,451,ALA,0,0.19781396
3FU8,A,452,ALA,0,0.17910749
3FU8,A,453,SER,0,0.15332852
3FU8,A,454,GLN,0,0.16226579
3FU8,A,455,GLN,0,0.15181454
3FU8,A,456,ARG,0,0.15632571
3FU8,A,457,PHE,0,0.15451708
3FU8,A,458,VAL,0,0.14894071
3FU8,A,459,PHE,0,0.14264859
3FU8,A,460,ASP,0,0.13818650
3FU8,A,461,PRO,0,0.13520557
3FU8,A,462,ALA,0,0.13085808
3FU8,A,463,VAL,0,0.12205970
3FU8,A,464,ASP,0,0.11980648
3FU8,A,465,LEU,0,0.12065104
3FU8,A,466,ALA,0,0.12172315
3FU8,A,467,ARG,0,0.12714094
3FU8,A,468,LEU,0,0.13515136
3FU8,A,469,ASN,0,0.15023243
3FU8,A,470,GLY,0,0.16542521
3FU8,A,471,ASP,0,0.20285876
3FU8,A,472,ASN,0,0.26976556
3FU8,A,473,PRO,0,0.38961869
3FU8,A,474,PRO,0,0.45000055
3FU8,A,475,ARG,0,0.48674342
3FU8,A,476,ARG,0,0.51392394
3FU8,A,477,ASP,1,0.61105955
3FU8,A,478,THR,0,0.54809958
3FU8,A,479,THR,0,0.42466429
3FU8,A,480,MET,0,0.26344925
3FU8,A,481,LEU,0,0.22731051
3FU8,A,482,PRO,0,0.20591077
3FU8,A,483,ALA,0,0.20627272
3FU8,A,484,GLY,0,0.19903231
3FU8,A,485,GLY,0,0.17627881
3FU8,A,486,TRP,0,0.17506941
3FU8,A,487,LEU,0,0.18364225
3FU8,A,488,LEU,0,0.19086409
3FU8,A,489,LEU,0,0.21216010
3FU8,A,490,ALA,0,0.23881222
3FU8,A,491,PHE,0,0.27777740
3FU8,A,492,ARG,0,0.26388434
3FU8,A,493,THR,0,0.28453583
3FU8,A,494,ASP,0,0.28856200
3FU8,A,495,ASN,0,0.35662243
3FU8,A,496,PRO,0,0.37219128
3FU8,A,497,GLY,0,0.45387021
3FU8,A,498,ALA,0,0.49755865
3FU8,A,499,TRP,0,0.60051060
3FU8,A,500,LEU,0,0.68241680
3FU8,A,501,PHE,0,0.73227292
3FU8,A,502,HIS,0,0.75345540
3FU8,A,503,CYS,0,0.73630577
3FU8,A,504,HIS,0,0.70448983
3FU8,A,505,ILE,0,0.56669009
3FU8,A,506,ALA,0,0.48793307
3FU8,A,507,TRP,0,0.32528248
3FU8,A,508,HIS,0,0.41280082
3FU8,A,509,VAL,0,0.43018869
3FU8,A,510,SER,0,0.47516471
3FU8,A,511,GLY,0,0.47155091
3FU8,A,512,GLY,0,0.51357764
3FU8,A,513,LEU,0,0.52530843
3FU8,A,514,SER,0,0.52286196
3FU8,A,515,VAL,0,0.43863058
3FU8,A,516,ASP,0,0.33993232
3FU8,A,517,PHE,0,0.25577459
3FU8,A,518,LEU,0,0.21137781
3FU8,A,519,GLU,0,0.18466651
3FU8,A,520,ARG,0,0.16600518
3FU8,A,521,PRO,0,0.15449618
3FU8,A,522,ALA,0,0.14253673
3FU8,A,523,ASP,0,0.13514379
3FU8,A,524,LEU,0,0.13312140
3FU8,A,525,ARG,0,0.12997854
3FU8,A,526,GLN,0,0.13260452
3FU8,A,527,ARG,0,0.12688683
3FU8,A,528,ILE,0,0.13494770
3FU8,A,529,SER,0,0.14073274
3FU8,A,530,GLN,0,0.14330554
3FU8,A,531,GLU,0,0.14275682
3FU8,A,532,ASP,0,0.12666091
3FU8,A,533,GLU,0,0.13210885
3FU8,A,534,ASP,0,0.13109311
3FU8,A,535,ASP,0,0.12195268
3FU8,A,536,PHE,0,0.12038939
3FU8,A,537,ASN,0,0.11872343
3FU8,A,538,ARG,0,0.11799141
3FU8,A,539,VAL,0,0.12415319
3FU8,A,540,CYS,0,0.12341172
3FU8,A,541,ASP,0,0.11594109
3FU8,A,542,GLU,0,0.11793050
3FU8,A,543,TRP,0,0.13030304
3FU8,A,544,ARG,0,0.11425454
3FU8,A,545,ALA,0,0.11366010
3FU8,A,546,TYR,0,0.11586311
3FU8,A,547,TRP,0,0.11465309
3FU8,A,548,PRO,0,0.12154221
3FU8,A,549,THR,0,0.12245997
3FU8,A,550,ASN,0,0.12225323
3FU8,A,551,PRO,0,0.12573400
3FU8,A,552,TYR,0,0.12641957
3FU8,A,553,PRO,0,0.12763882
3FU8,A,554,LYS,0,0.13996582
3FU8,A,555,ILE,0,0.13827892
3FU8,A,556,ASP,0,0.16434424
3FU8,A,557,SER,0,0.17015284
3FU8,A,558,GLY,0,0.17794479
3FU8,A,559,LEU,0,0.19050540
3FU8,B,1,GLU,0,0.16018911
3FU8,B,2,PRO,0,0.15698588
3FU8,B,3,THR,0,0.15774542
3FU8,B,4,CYS,0,0.15446654
3FU8,B,5,ASN,0,0.15364911
3FU8,B,6,THR,0,0.14933871
3FU8,B,7,PRO,0,0.14783974
3FU8,B,8,SER,0,0.14394787
3FU8,B,9,ASN,0,0.14480676
3FU8,B,10,ARG,0,0.14513212
3FU8,B,11,ALA,0,0.14901681
3FU8,B,12,CYS,0,0.15178525
3FU8,B,13,TRP,0,0.15491901
3FU8,B,14,SER,0,0.15778428
3FU8,B,15,ASP,0,0.15998219
3FU8,B,16,GLY,0,0.16048241
3FU8,B,17,PHE,0,0.15677375
3FU8,B,18,ASP,0,0.15693580
3FU8,B,19,ILE,0,0.15346599
3FU8,B,20,ASN,0,0.14853345
3FU8,B,21,THR,0,0.14287713
3FU8,B,22,ASP,0,0.14257987
3FU8,B,23,TYR,0,0.13980122
3FU8,B,24,GLU,0,0.14231999
3FU8,B,25,VAL,0,0.14841571
3FU8,B,26,SER,0,0.14915949
3FU8,B,27,THR,0,0.15962677
3FU8,B,28,PRO,0,0.16025619
3FU8,B,29,ASP,0,0.16675065
3FU8,B,30,THR,0,0.16404206
3FU8,B,31,GLY,0,0.16412874
3FU8,B,32,VAL,0,0.16379486
3FU8,B,33,THR,0,0.16529138
3FU8,B,34,GLN,0,0.16656126
3FU8,B,35,SER,0,0.16727123
3FU8,B,36,TYR,0,0.16501509
3FU8,B,37,VAL,0,0.16106683
3FU8,B,38,PHE,0,0.17264137
3FU8,B,39,ASN,0,0.18595138
3FU8,B,40,LEU,0,0.21733992
3FU8,B,41,THR,0,0.24228020
3FU8,B,42,GLU,0,0.23924999
3FU8,B,43,VAL,0,0.23449346
3FU8,B,44,ASP,0,0.22543272
3FU8,B,45,ASN,0,0.21149659
3FU8,B,46,TRP,0,0.18411402
3FU8,B,47,MET,0,0.17529598
3FU8,B,48,GLY,0,0.17087390
3FU8,B,49,PRO,0,0.16255368
3FU8,B,50,ASP,0,0.16237621
3FU8,B,51,GLY,0,0.15813521
3FU8,B,52,VAL,0,0.15174831
3FU8,B,53,VAL,0,0.14984544
3FU8,B,54,LYS,0,0.14312424
3FU8,B,55,GLU,0,0.14229096
3FU8,B,56,LYS,0,0.14145699
3FU8,B,57,VAL,0,0.15179050
3FU8,B,58,MET,0,0.16994964
3FU8,B,59,LEU,0,0.26176578
3FU8,B,60,ILE,0,0.32140440
3FU8,B,61,ASN,0,0.39343122
3FU8,B,62,GLY,0,0.36582392
3FU8,B,63,ASN,0,0.34897336
3FU8,B,64,ILE,0,0.32848293
3FU8,B,65,MET,0,0.34581801
3FU8,B,66,GLY,0,0.38972011
3FU8,B,67,PRO,0,0.36340296
3FU8,B,68,ASN,0,0.33848327
3FU8,B,69,ILE,0,0.24333997
3FU8,B,70,VAL,0,0.20871124
3FU8,B,71,ALA,0,0.19135338
3FU8,B,72,ASN,0,0.18186158
3FU8,B,73,TRP,0,0.17971820
3FU8,B,74,GLY,0,0.18004481
3FU8,B,75,ASP,0,0.17880403
3FU8,B,76,THR,0,0.18395691
3FU8,B,77,VAL,0,0.19189814
3FU8,B,78,GLU,0,0.18670946
3FU8,B,79,VAL,0,0.19354713
3FU8,B,80,THR,0,0.17740610
3FU8,B,81,VAL,0,0.18374808
3FU8,B,82,ILE,0,0.18244185
3FU8,B,83,ASN,0,0.23110858
3FU8,B,84,ASN,0,0.22447233
3FU8,B,85,LEU,0,0.26742557
3FU8,B,86,VAL,0,0.26609841
3FU8,B,87,THR,0,0.30346960
3FU8,B,88,ASN,0,0.33041257
3FU8,B,89,GLY,0,0.43247586
3FU8,B,90,THR,0,0.51908445
3FU8,B,91,SER,0,0.69090909
3FU8,B,92,ILE,0,0.72556531
3FU8,B,93,HIS,0,0.74193007
3FU8,B,94,TRP,0,0.75086033
3FU8,B,95,HIS,0,0.77105033
3FU8,B,96,GLY,1,0.76772887
3FU8,B,97,ILE,1,0.74082053
3FU8,B,99,GLN,1,0.59585315
3FU8,B,100,LYS,1,0.24665406
3FU8,B,101,ASP,0,0.19184294
3FU8,B,102,THR,0,0.15817687
3FU8,B,103,ASN,0,0.17578395
3FU8,B,104,LEU,0,0.15494223
3FU8,B,105,HIS,0,0.17170040
3FU8,B,106,ASP,0,0.20311029
3FU8,B,107,GLY,0,0.22834718
3FU8,B,108,ALA,0,0.27441812
3FU8,B,109,ASN,0,0.29211742
3FU8,B,110,GLY,0,0.29015467
3FU8,B,111,VAL,0,0.33666873
3FU8,B,112,THR,0,0.33496782
3FU8,B,113,GLU,0,0.34421045
3FU8,B,114,CYS,0,0.33481532
3FU8,B,115,PRO,0,0.34137562
3FU8,B,116,ILE,0,0.28843221
3FU8,B,117,PRO,0,0.22798838
3FU8,B,118,PRO,0,0.17791344
3FU8,B,119,LYS,0,0.15055405
3FU8,B,120,GLY,0,0.14626262
3FU8,B,121,GLY,0,0.14321904
3FU8,B,122,GLN,0,0.14528175
3FU8,B,123,ARG,0,0.14557362
3FU8,B,124,THR,0,0.15763156
3FU8,B,125,TYR,0,0.15499720
3FU8,B,126,ARG,0,0.15304081
3FU8,B,127,TRP,0,0.15366407
3FU8,B,128,ARG,0,0.15233183
3FU8,B,129,ALA,0,0.16349050
3FU8,B,130,ARG,0,0.16369893
3FU8,B,131,GLN,0,0.17108947
3FU8,B,132,TYR,0,0.18436618
3FU8,B,133,GLY,0,0.21210945
3FU8,B,134,THR,0,0.25823176
3FU8,B,135,SER,0,0.35003218
3FU8,B,136,TRP,0,0.44385457
3FU8,B,137,TYR,0,0.49758929
3FU8,B,138,HIS,0,0.59001172
3FU8,B,139,SER,0,0.63114446
3FU8,B,140,HIS,0,0.65588433
3FU8,B,141,PHE,0,0.62218457
3FU8,B,142,SER,0,0.51651746
3FU8,B,143,ALA,0,0.37734690
3FU8,B,144,GLN,0,0.29149130
3FU8,B,145,TYR,0,0.26330140
3FU8,B,146,GLY,0,0.23489177
3FU8,B,147,ASN,0,0.23535046
3FU8,B,148,GLY,0,0.26108405
3FU8,B,149,VAL,0,0.28981853
3FU8,B,150,VAL,0,0.31996101
3FU8,B,151,GLY,0,0.32456708
3FU8,B,152,THR,0,0.32166019
3FU8,B,153,ILE,0,0.29412031
3FU8,B,154,GLN,0,0.28064534
3FU8,B,155,ILE,0,0.29529676
3FU8,B,156,ASN,0,0.30415374
3FU8,B,157,GLY,0,0.30593511
3FU8,B,158,PRO,0,0.30011001
3FU8,B,159,ALA,0,0.28421360
3FU8,B,160,SER,0,0.25731212
3FU8,B,161,LEU,0,0.22990525
3FU8,B,162,PRO,0,0.20378010
3FU8,B,163,TYR,0,0.18441390
3FU8,B,164,ASP,0,0.18949872
3FU8,B,165,ILE,0,0.20139714
3FU8,B,166,ASP,0,0.23823601
3FU8,B,167,LEU,0,0.26375604
3FU8,B,168,GLY,0,0.28946942
3FU8,B,169,VAL,0,0.26778477
3FU8,B,170,PHE,0,0.24409364
3FU8,B,171,PRO,0,0.21588929
3FU8,B,172,ILE,0,0.20695969
3FU8,B,173,THR,0,0.21646155
3FU8,B,174,ASP,0,0.20189206
3FU8,B,175,TYR,0,0.17222860
3FU8,B,176,TYR,0,0.15344186
3FU8,B,177,TYR,0,0.14028256
3FU8,B,178,ARG,0,0.13012525
3FU8,B,179,ALA,0,0.12893352
3FU8,B,180,ALA,0,0.13379642
3FU8,B,181,ASP,0,0.13026975
3FU8,B,182,ASP,0,0.11955813
3FU8,B,183,LEU,0,0.11989142
3FU8,B,184,VAL,0,0.12395075
3FU8,B,185,HIS,0,0.11585561
3FU8,B,186,PHE,0,0.11680319
3FU8,B,187,THR,0,0.12090548
3FU8,B,188,GLN,0,0.12661028
3FU8,B,189,ASN,0,0.13788083
3FU8,B,190,ASN,0,0.15796562
3FU8,B,191,ALA,0,0.16653350
3FU8,B,192,PRO,0,0.15351045
3FU8,B,193,PRO,0,0.16675293
3FU8,B,194,PHE,0,0.18469217
3FU8,B,195,SER,0,0.19060770
3FU8,B,196,ASP,0,0.18506242
3FU8,B,197,ASN,0,0.19634955
3FU8,B,198,VAL,0,0.20232129
3FU8,B,199,LEU,0,0.21294826
3FU8,B,200,ILE,0,0.22343209
3FU8,B,201,ASN,0,0.24052608
3FU8,B,202,GLY,0,0.21800418
3FU8,B,203,THR,0,0.20635115
3FU8,B,204,ALA,0,0.19750711
3FU8,B,205,VAL,0,0.19009171
3FU8,B,206,ASN,0,0.19210128
3FU8,B,207,PRO,0,0.18032718
3FU8,B,208,ASN,0,0.17820281
3FU8,B,209,THR,0,0.16877127
3FU8,B,210,GLY,0,0.16628370
3FU8,B,211,GLU,0,0.16393794
3FU8,B,212,GLY,0,0.16317199
3FU8,B,213,GLN,0,0.16808197
3FU8,B,214,TYR,0,0.16895218
3FU8,B,215,ALA,0,0.17309995
3FU8,B,216,ASN,0,0.17448634
3FU8,B,217,VAL,0,0.17221943
3FU8,B,218,THR,0,0.15781888
3FU8,B,219,LEU,0,0.15469293
3FU8,B,220,THR,0,0.15435933
3FU8,B,221,PRO,0,0.15406159
3FU8,B,222,GLY,0,0.16805656
3FU8,B,223,LYS,0,0.16738303
3FU8,B,224,ARG,0,0.17783041
3FU8,B,225,HIS,0,0.18693714
3FU8,B,226,ARG,0,0.19620922
3FU8,B,227,LEU,0,0.21957444
3FU8,B,228,ARG,0,0.22457516
3FU8,B,229,ILE,0,0.25043598
3FU8,B,230,LEU,0,0.30533299
3FU8,B,231,ASN,0,0.38725290
3FU8,B,232,THR,0,0.43982464
3FU8,B,233,SER,0,0.44442514
3FU8,B,234,THR,0,0.45983288
3FU8,B,235,GLU,0,0.44067624
3FU8,B,236,ASN,0,0.41153163
3FU8,B,237,HIS,0,0.40501678
3FU8,B,238,PHE,0,0.38401419
3FU8,B,239,GLN,0,0.37154746
3FU8,B,240,VAL,0,0.38039914
3FU8,B,241,SER,0,0.36524963
3FU8,B,242,LEU,0,0.36427709
3FU8,B,243,VAL,0,0.33081615
3FU8,B,244,ASN,0,0.31094855
3FU8,B,245,HIS,0,0.27040264
3FU8,B,246,THR,0,0.26038250
3FU8,B,247,MET,0,0.24338171
3FU8,B,248,THR,0,0.22447823
3FU8,B,249,VAL,0,0.23076741
3FU8,B,250,ILE,0,0.26589975
3FU8,B,251,ALA,0,0.40873289
3FU8,B,252,ALA,0,0.42679888
3FU8,B,253,ASP,0,0.42455083
3FU8,B,254,MET,0,0.35445461
3FU8,B,255,VAL,0,0.23567125
3FU8,B,256,PRO,0,0.21123587
3FU8,B,257,VAL,0,0.19328427
3FU8,B,258,ASN,0,0.19172314
3FU8,B,259,ALA,0,0.19279559
3FU8,B,260,MET,0,0.19712044
3FU8,B,261,THR,0,0.20819712
3FU8,B,262,VAL,0,0.22451591
3FU8,B,263,ASP,0,0.22475581
3FU8,B,264,SER,0,0.22547723
3FU8,B,265,LEU,0,0.24183032
3FU8,B,266,PHE,0,0.28589848
3FU8,B,267,LEU,0,0.37130967
3FU8,B,268,ALA,0,0.49880102
3FU8,B,269,VAL,0,0.52107286
3FU8,B,270,GLY,0,0.52833140
3FU8,B,271,GLN,0,0.48971018
3FU8,B,272,ARG,0,0.47375637
3FU8,B,273,TYR,0,0.45085636
3FU8,B,274,ASP,0,0.44411981
3FU8,B,275,VAL,0,0.38386089
3FU8,B,276,VAL,0,0.30263576
3FU8,B,277,ILE,0,0.25945064
3FU8,B,278,ASP,0,0.23673467
3FU8,B,279,ALA,0,0.21362396
3FU8,B,280,SER,0,0.20702830
3FU8,B,281,ARG,0,0.19494763
3FU8,B,282,ALA,0,0.19439179
3FU8,B,283,PRO,0,0.19658710
3FU8,B,284,ASP,0,0.21936701
3FU8,B,285,ASN,0,0.24492069
3FU8,B,286,TYR,0,0.26091039
3FU8,B,287,TRP,0,0.28757566
3FU8,B,288,PHE,0,0.30856386
3FU8,B,289,ASN,0,0.35390773
3FU8,B,290,VAL,0,0.35262218
3FU8,B,291,THR,0,0.30006590
3FU8,B,292,PHE,0,0.28225327
3FU8,B,293,GLY,0,0.25728673
3FU8,B,294,GLY,0,0.24527465
3FU8,B,295,GLN,0,0.23994528
3FU8,B,296,ALA,0,0.22436546
3FU8,B,297,ALA,0,0.23321646
3FU8,B,298,CYS,0,0.22676717
3FU8,B,299,GLY,0,0.21361023
3FU8,B,300,GLY,0,0.20527908
3FU8,B,301,SER,0,0.18988918
3FU8,B,302,LEU,0,0.19045593
3FU8,B,303,ASN,0,0.18037874
3FU8,B,304,PRO,0,0.17436694
3FU8,B,305,HIS,0,0.17053159
3FU8,B,306,PRO,0,0.17337026
3FU8,B,307,ALA,0,0.18509957
3FU8,B,308,ALA,0,0.20710136
3FU8,B,309,ILE,0,0.19788326
3FU8,B,310,PHE,0,0.19129467
3FU8,B,311,HIS,0,0.18434101
3FU8,B,312,TYR,0,0.17933732
3FU8,B,313,ALA,0,0.17836493
3FU8,B,314,GLY,0,0.17534781
3FU8,B,315,ALA,0,0.17705017
3FU8,B,316,PRO,0,0.18132901
3FU8,B,317,GLY,0,0.18465781
3FU8,B,318,GLY,0,0.18227908
3FU8,B,319,LEU,0,0.18039533
3FU8,B,320,PRO,0,0.17003323
3FU8,B,321,THR,0,0.16954726
3FU8,B,322,ASP,0,0.16520283
3FU8,B,323,GLU,0,0.16854171
3FU8,B,324,GLY,0,0.17734648
3FU8,B,325,THR,0,0.17103155
3FU8,B,326,PRO,0,0.16444661
3FU8,B,327,PRO,0,0.14989194
3FU8,B,328,VAL,0,0.14531060
3FU8,B,329,ASP,0,0.15481864
3FU8,B,330,HIS,0,0.15062299
3FU8,B,331,GLN,0,0.16381204
3FU8,B,332,CYS,0,0.17682128
3FU8,B,333,LEU,0,0.16010359
3FU8,B,334,ASP,0,0.15956892
3FU8,B,335,THR,0,0.14533561
3FU8,B,336,LEU,0,0.14476268
3FU8,B,337,ASP,0,0.14386888
3FU8,B,338,VAL,0,0.14342506
3FU8,B,339,ARG,0,0.13954455
3FU8,B,340,PRO,0,0.14126346
3FU8,B,341,VAL,0,0.14468506
3FU8,B,342,VAL,0,0.14161600
3FU8,B,343,PRO,0,0.14226262
3FU8,B,344,ARG,0,0.14248458
3FU8,B,345,SER,0,0.14389189
3FU8,B,346,VAL,0,0.14423177
3FU8,B,347,PRO,0,0.14451048
3FU8,B,348,VAL,0,0.13930039
3FU8,B,349,ASN,0,0.14291100
3FU8,B,350,SER,0,0.14222242
3FU8,B,351,PHE,0,0.14208047
3FU8,B,352,VAL,0,0.15028134
3FU8,B,353,LYS,0,0.14465903
3FU8,B,354,ARG,0,0.14778274
3FU8,B,355,PRO,0,0.14326788
3FU8,B,356,ASP,0,0.14753629
3FU8,B,357,ASN,0,0.14402744
3FU8,B,358,THR,0,0.13838825
3FU8,B,359,LEU,0,0.14351176
3FU8,B,360,PRO,0,0.15358409
3FU8,B,361,VAL,0,0.15874186
3FU8,B,362,ALA,0,0.15745157
3FU8,B,363,LEU,0,0.15490739
3FU8,B,364,ASP,0,0.14246446
3FU8,B,365,LEU,0,0.14104427
3FU8,B,366,THR,0,0.14366464
3FU8,B,367,GLY,0,0.13812408
3FU8,B,368,THR,0,0.13778013
3FU8,B,369,PRO,0,0.13515972
3FU8,B,370,LEU,0,0.13796176
3FU8,B,371,PHE,0,0.13919824
3FU8,B,372,VAL,0,0.15172881
3FU8,B,373,TRP,0,0.16829920
3FU8,B,374,LYS,0,0.17707509
3FU8,B,375,VAL,0,0.19018427
3FU8,B,376,ASN,0,0.18944237
3FU8,B,377,GLY,0,0.18849266
3FU8,B,378,SER,0,0.19792235
3FU8,B,379,ASP,0,0.20199437
3FU8,B,380,ILE,0,0.20194714
3FU8,B,381,ASN,0,0.19062535
3FU8,B,382,VAL,0,0.17725611
3FU8,B,383,ASP,0,0.16446321
3FU8,B,384,TRP,0,0.16183834
3FU8,B,385,GLY,0,0.15028691
3FU8,B,386,LYS,0,0.13933624
3FU8,B,387,PRO,0,0.13724855
3FU8,B,388,ILE,0,0.13246106
3FU8,B,389,ILE,0,0.13060947
3FU8,B,390,ASP,0,0.12690131
3FU8,B,391,TYR,0,0.12776373
3FU8,B,392,ILE,0,0.13102293
3FU8,B,393,LEU,0,0.13812731
3FU8,B,394,THR,0,0.14956453
3FU8,B,395,GLY,0,0.15444364
3FU8,B,396,ASN,0,0.16016701
3FU8,B,397,THR,0,0.15763493
3FU8,B,398,SER,0,0.15186922
3FU8,B,399,TYR,0,0.14420593
3FU8,B,400,PRO,0,0.14622296
3FU8,B,401,VAL,0,0.14839265
3FU8,B,402,SER,0,0.15254706
3FU8,B,403,ASP,0,0.15995328
3FU8,B,404,ASN,0,0.17415868
3FU8,B,405,ILE,0,0.17159937
3FU8,B,406,VAL,0,0.17746156
3FU8,B,407,GLN,0,0.15858780
3FU8,B,408,VAL,0,0.15139472
3FU8,B,409,ASP,0,0.14905992
3FU8,B,410,ALA,0,0.15054709
3FU8,B,411,VAL,0,0.15366998
3FU8,B,412,ASP,0,0.15746997
3FU8,B,413,GLN,0,0.16482666
3FU8,B,414,TRP,0,0.17226678
3FU8,B,415,THR,0,0.18678194
3FU8,B,416,TYR,0,0.19540036
3FU8,B,417,TRP,0,0.20539036
3FU8,B,418,LEU,0,0.23129271
3FU8,B,419,ILE,0,0.26989108
3FU8,B,420,GLU,0,0.27506146
3FU8,B,421,ASN,0,0.30603454
3FU8,B,422,ASP,0,0.27895319
3FU8,B,423,PRO,0,0.26232830
3FU8,B,424,GLU,0,0.25202730
3FU8,B,425,GLY,0,0.27024844
3FU8,B,426,PRO,0,0.30339831
3FU8,B,427,PHE,0,0.39224052
3FU8,B,428,SER,0,0.51026630
3FU8,B,429,LEU,0,0.65528351
3FU8,B,430,PRO,0,0.69032156
3FU8,B,431,HIS,0,0.71776378
3FU8,B,432,PRO,0,0.73996449
3FU8,B,433,MET,0,0.75652939
3FU8,B,434,HIS,0,0.77753878
3FU8,B,435,LEU,0,0.77804768
3FU8,B,436,HIS,0,0.78591526
3FU8,B,437,GLY,1,0.74733829
3FU8,B,438,HIS,1,0.73922557
3FU8,B,439,ASP,1,0.70355296
3FU8,B,440,PHE,0,0.54465467
3FU8,B,441,LEU,0,0.34832650
3FU8,B,442,VAL,0,0.29220656
3FU8,B,443,LEU,0,0.25357863
3FU8,B,444,GLY,0,0.23874119
3FU8,B,445,ARG,0,0.23656432
3FU8,B,446,SER,0,0.23229156
3FU8,B,447,PRO,0,0.21999855
3FU8,B,448,ASP,0,0.21938299
3FU8,B,449,VAL,0,0.20519650
3FU8,B,450,PRO,0,0.18648301
3FU8,B,451,ALA,0,0.18537600
3FU8,B,452,ALA,0,0.16610920
3FU8,B,453,SER,0,0.14978537
3FU8,B,454,GLN,0,0.15488966
3FU8,B,455,GLN,0,0.14901645
3FU8,B,456,ARG,0,0.15109843
3FU8,B,457,PHE,0,0.15045555
3FU8,B,458,VAL,0,0.14612022
3FU8,B,459,PHE,0,0.14178969
3FU8,B,460,ASP,0,0.13904499
3FU8,B,461,PRO,0,0.13719806
3FU8,B,462,ALA,0,0.13349551
3FU8,B,463,VAL,0,0.12603898
3FU8,B,464,ASP,0,0.11989612
3FU8,B,465,LEU,0,0.12422697
3FU8,B,466,ALA,0,0.12456127
3FU8,B,467,ARG,0,0.12872951
3FU8,B,468,LEU,0,0.13517921
3FU8,B,469,ASN,0,0.14944936
3FU8,B,470,GLY,0,0.16204728
3FU8,B,471,ASP,0,0.19188353
3FU8,B,472,ASN,0,0.24751721
3FU8,B,473,PRO,0,0.34596854
3FU8,B,474,PRO,0,0.40470278
3FU8,B,475,ARG,0,0.43225291
3FU8,B,476,ARG,0,0.45290717
3FU8,B,477,ASP,0,0.49634820
3FU8,B,478,THR,0,0.47182369
3FU8,B,479,THR,0,0.38536718
3FU8,B,480,MET,0,0.24437235
3FU8,B,481,LEU,0,0.21061707
3FU8,B,482,PRO,0,0.19338268
3FU8,B,483,ALA,0,0.19147623
3FU8,B,484,GLY,0,0.18851100
3FU8,B,485,GLY,0,0.16923003
3FU8,B,486,TRP,0,0.16984296
3FU8,B,487,LEU,0,0.17869428
3FU8,B,488,LEU,0,0.18824703
3FU8,B,489,LEU,0,0.21011034
3FU8,B,490,ALA,0,0.23075335
3FU8,B,491,PHE,0,0.26130944
3FU8,B,492,ARG,0,0.24422821
3FU8,B,493,THR,0,0.26266411
3FU8,B,494,ASP,0,0.26350921
3FU8,B,495,ASN,0,0.30810374
3FU8,B,496,PRO,0,0.32329938
3FU8,B,497,GLY,0,0.38962197
3FU8,B,498,ALA,0,0.44340813
3FU8,B,499,TRP,0,0.51402432
3FU8,B,500,LEU,0,0.61519307
3FU8,B,501,PHE,0,0.68171293
3FU8,B,502,HIS,0,0.70841736
3FU8,B,503,CYS,0,0.69483727
3FU8,B,504,HIS,0,0.65477484
3FU8,B,505,ILE,0,0.48402292
3FU8,B,506,ALA,0,0.42852482
3FU8,B,507,TRP,0,0.29405108
3FU8,B,508,HIS,0,0.38336241
3FU8,B,509,VAL,0,0.38987690
3FU8,B,510,SER,0,0.43309739
3FU8,B,511,GLY,0,0.43535936
3FU8,B,512,GLY,0,0.47285903
3FU8,B,513,LEU,0,0.47839776
3FU8,B,514,SER,0,0.47439209
3FU8,B,515,VAL,0,0.38906130
3FU8,B,516,ASP,0,0.30248722
3FU8,B,517,PHE,0,0.23795126
3FU8,B,518,LEU,0,0.20230778
3FU8,B,519,GLU,0,0.17948014
3FU8,B,520,ARG,0,0.16408089
3FU8,B,521,PRO,0,0.15324691
3FU8,B,522,ALA,0,0.14394902
3FU8,B,523,ASP,0,0.13789202
3FU8,B,524,LEU,0,0.13621745
3FU8,B,525,ARG,0,0.13196602
3FU8,B,526,GLN,0,0.13522033
3FU8,B,527,ARG,0,0.13080041
3FU8,B,528,ILE,0,0.13036652
3FU8,B,529,SER,0,0.14120641
3FU8,B,530,GLN,0,0.14285250
3FU8,B,531,GLU,0,0.14351219
3FU8,B,532,ASP,0,0.13011681
3FU8,B,533,GLU,0,0.13302758
3FU8,B,534,ASP,0,0.13294522
3FU8,B,535,ASP,0,0.12477572
3FU8,B,536,PHE,0,0.12120360
3FU8,B,537,ASN,0,0.12061294
3FU8,B,538,ARG,0,0.11974935
3FU8,B,539,VAL,0,0.12148067
3FU8,B,540,CYS,0,0.12087099
3FU8,B,541,ASP,0,0.11679626
3FU8,B,542,GLU,0,0.11840436
3FU8,B,543,TRP,0,0.12581162
3FU8,B,544,ARG,0,0.11598081
3FU8,B,545,ALA,0,0.11514581
3FU8,B,546,TYR,0,0.11607090
3FU8,B,547,TRP,0,0.11656772
3FU8,B,548,PRO,0,0.12477765
3FU8,B,549,THR,0,0.12594961
3FU8,B,550,ASN,0,0.12370860
3FU8,B,551,PRO,0,0.12666945
3FU8,B,552,TYR,0,0.12678257
3FU8,B,553,PRO,0,0.12910952
3FU8,B,554,LYS,0,0.13497528
3FU8,B,555,ILE,0,0.13920459
3FU8,B,556,ASP,0,0.15695448
3FU8,B,557,SER,0,0.16309433
3FU8,B,558,GLY,0,0.16355936
3FU8,B,559,LEU,0,0.17721139
