replicate,window,status,residue_start,residue_end,n_ca_atoms,mean_rmsf_nm,max_rmsf_nm,mean_backbone_rmsd_nm,max_backbone_rmsd_nm
replicate_01,239-243,ok,239,243,15,2.2565481662750244,3.0850679874420166,2.468364715576172,4.037681579589844
replicate_01,28-32,ok,28,32,15,1.4404157400131226,1.8876346349716187,2.468364715576172,4.037681579589844
replicate_01,206-210,ok,206,210,15,3.148343563079834,4.487523555755615,2.468364715576172,4.037681579589844
replicate_01,134-138,ok,134,138,15,2.683260202407837,3.7214202880859375,2.468364715576172,4.037681579589844
replicate_01,118-122_reference,ok,118,122,15,2.7958643436431885,3.2482664585113525,2.468364715576172,4.037681579589844
replicate_02,239-243,ok,239,243,15,0.8675132393836975,1.185856580734253,0.5905975699424744,4.063683032989502
replicate_02,28-32,ok,28,32,15,0.6112752556800842,0.7230313420295715,0.5905975699424744,4.063683032989502
replicate_02,206-210,ok,206,210,15,1.1763375997543335,1.6806199550628662,0.5905975699424744,4.063683032989502
replicate_02,134-138,ok,134,138,15,1.023041844367981,1.4054898023605347,0.5905975699424744,4.063683032989502
replicate_02,118-122_reference,ok,118,122,15,1.0359923839569092,1.2211813926696777,0.5905975699424744,4.063683032989502
