#"Progress (%)","Step","Time (ps)","Potential Energy (kJ/mole)","Temperature (K)","Density (g/mL)","Speed (ns/day)","Time Remaining"
1.6%,200000,400.00000000118183,-2683208.9252254423,300.4142184958779,1.0120077559138854,0,--
1.8%,225000,450.0000000014206,-2684643.9643192347,301.11627000729203,1.010638815591477,183,3:13:01
2.0%,250000,500.0000000016593,-2685024.931662446,300.171719319624,1.0135387349139995,182,3:13:36
2.2%,275000,550.000000000818,-2681395.3909274936,300.92813818337953,1.010918329403877,182,3:13:31
2.4%,300000,599.9999999996356,-2684985.4704808183,299.404831901739,1.0132729741946638,182,3:12:55
2.6%,325000,649.9999999984533,-2686125.967646342,299.1883851420329,1.013642388037342,182,3:12:49
2.8%,350000,699.999999997271,-2681240.033195898,301.1328946315282,1.0140534463682909,182,3:12:29
3.0%,375000,749.9999999960886,-2685105.4073624145,300.78294179807824,1.0136703761514343,182,3:11:52
3.2%,400000,799.9999999949063,-2684786.4040787183,300.1591391340197,1.0137098325785487,182,3:11:18
3.4%,425000,849.9999999937239,-2684075.628904134,300.3464941984209,1.0135723741524525,182,3:11:03
3.6%,450000,899.9999999925416,-2688132.3718556594,300.0408801118294,1.0124664917181383,182,3:10:34
3.8%,475000,949.9999999913592,-2685854.746428445,301.4362643422803,1.0135644229767269,182,3:09:59
4.0%,500000,999.9999999901769,-2683310.2280464247,300.87833273063853,1.0106602963772893,182,3:09:35
4.2%,525000,1049.9999999889947,-2683935.659554288,300.4110846159766,1.0127217531847121,182,3:09:10
4.4%,550000,1099.9999999878123,-2684253.4334765114,300.9390060846163,1.0124564553364637,182,3:08:52
4.6%,575000,1149.99999998663,-2686274.0069556404,300.2174383096995,1.014170605227843,182,3:08:30
4.8%,600000,1199.9999999854476,-2681349.6336294003,299.98040708591515,1.0127302957582607,182,3:08:15
5.0%,625000,1249.9999999842653,-2682564.8225190192,300.33058206265787,1.0105129013623224,182,3:07:49
5.2%,650000,1299.999999983083,-2682994.6204054356,299.7873399362156,1.0141429544053162,182,3:07:21
5.4%,675000,1349.9999999819006,-2686081.9155304134,300.82422829341385,1.0139486710733314,182,3:06:53
5.6%,700000,1399.9999999807183,-2684888.5205067024,300.01406381420855,1.0140329510300963,182,3:06:31
5.8%,725000,1449.999999979536,-2684931.483315259,300.6101977988036,1.0111657901194326,182,3:06:07
6.0%,750000,1499.9999999783536,-2682705.198653916,300.4677927414248,1.012220506143596,182,3:05:51
6.2%,775000,1549.9999999771712,-2682264.9886242393,300.6242952420456,1.0150487673568833,182,3:05:30
6.4%,800000,1599.9999999759889,-2686356.824323844,300.02479820437765,1.0146521681029061,182,3:05:04
6.6%,825000,1649.9999999748065,-2687916.72716449,300.9913780567001,1.0130125180218912,182,3:04:46
6.8%,850000,1699.9999999736242,-2684097.131948186,300.3208329996808,1.0137136485420268,182,3:04:23
7.0%,875000,1749.9999999724419,-2684090.7208561823,300.5889838995733,1.0132407180875942,182,3:04:02
7.2%,900000,1799.9999999712595,-2685402.548405012,299.440279745662,1.0131624577796345,182,3:03:40
7.4%,925000,1849.9999999700772,-2686135.2422713675,300.91943493031164,1.0138887066196736,182,3:03:18
7.6%,950000,1899.9999999688948,-2686306.086877987,301.8583213535234,1.0132223865389833,182,3:02:56
7.8%,975000,1949.9999999677125,-2687030.470536161,299.7234375653894,1.0134594665937506,182,3:02:32
8.0%,1000000,1999.9999999665301,-2684194.2684969753,300.1225690764305,1.0154478556028985,182,3:02:10
8.2%,1025000,2049.999999965348,-2682824.1299073286,300.01732272132836,1.012079294899235,182,3:01:46
8.4%,1050000,2099.9999999641655,-2683347.051376365,300.33559775932935,1.0125013750941196,182,3:01:20
8.6%,1075000,2149.999999962983,-2681061.1284999885,299.764186959247,1.0130930948584689,182,3:00:57
8.8%,1100000,2199.9999999618008,-2683413.993139824,299.68015005493055,1.0117293205235063,182,3:00:34
9.0%,1125000,2249.9999999606184,-2686910.3451797664,300.90682919679205,1.0147925962428113,182,3:00:09
9.2%,1150000,2299.999999959436,-2684347.6881340668,301.7164819036775,1.0148742524533845,182,2:59:45
9.4%,1175000,2349.9999999582537,-2681874.5157640725,299.3151352435165,1.012358355471522,182,2:59:18
9.6%,1200000,2399.9999999570714,-2683907.755044803,301.49557148038224,1.011081840942497,182,2:58:54
9.8%,1225000,2449.999999955889,-2682951.944578074,300.2750008734823,1.0124632979193255,182,2:58:32
10.0%,1250000,2499.9999999547067,-2685894.891605761,301.3844650685694,1.013820952147591,182,2:58:06
10.2%,1275000,2549.9999999535244,-2682945.421368083,299.9207784901628,1.0118930305971674,182,2:57:41
10.4%,1300000,2599.999999952342,-2682763.000514906,300.03134843244453,1.0107415022766744,182,2:57:18
10.6%,1325000,2649.9999999511597,-2680641.011781469,300.7782112635845,1.01315078722871,182,2:56:54
10.8%,1350000,2699.9999999499773,-2683326.876105452,299.2329757791835,1.0125884072778466,182,2:56:33
11.0%,1375000,2749.999999948795,-2684815.3461201843,299.7505197438536,1.0119811983283102,182,2:56:06
11.2%,1400000,2799.9999999476127,-2683672.7754465155,298.31771246010373,1.011627823785489,182,2:55:44
11.4%,1425000,2849.9999999464303,-2686527.426546227,300.1912767756995,1.0125352116234196,182,2:55:20
11.6%,1450000,2899.999999945248,-2683752.9215697926,301.2547523949922,1.0116653032250396,182,2:54:55
11.8%,1475000,2949.9999999440656,-2685958.2871691454,300.72816007953577,1.0134430625585347,182,2:54:31
12.0%,1500000,2999.9999999428833,-2684820.154411787,301.1747212947094,1.0123466656284315,182,2:54:07
12.2%,1525000,3049.999999941701,-2686023.769749541,301.1436087911464,1.0120454954615345,182,2:53:42
12.4%,1550000,3099.9999999405186,-2685265.0422558673,301.61564748061147,1.0140204326181623,182,2:53:19
12.6%,1575000,3149.9999999393362,-2684459.0682613626,298.86441601475167,1.013272531449137,182,2:52:56
12.8%,1600000,3199.999999938154,-2684718.859938374,299.84636762651155,1.0132995091100816,182,2:52:32
13.0%,1625000,3249.9999999369716,-2682748.617526414,300.61371767915915,1.0134257969233507,182,2:52:08
13.2%,1650000,3299.999999935789,-2684760.1982345767,299.3024341012065,1.0134590181279646,182,2:51:45
13.4%,1675000,3349.999999934607,-2682320.897984449,300.15311069193746,1.0130448285665667,182,2:51:24
13.6%,1700000,3399.9999999334245,-2683654.987899663,300.07674422159465,1.0122507190686258,182,2:51:00
13.8%,1725000,3449.999999932242,-2684667.161577929,300.2858788702429,1.0112287840653607,182,2:50:38
14.0%,1750000,3499.99999993106,-2685314.2084361184,300.94181143922833,1.012438033336893,182,2:50:14
14.2%,1775000,3549.9999999298775,-2682014.055270966,300.25086606797544,1.014182188378504,182,2:49:50
14.4%,1800000,3599.999999928695,-2685614.516432181,299.4493390338365,1.0130500178731405,182,2:49:25
14.6%,1825000,3649.999999927513,-2684176.1960655414,299.7947180723209,1.01392876066886,182,2:49:02
14.8%,1850000,3699.9999999263305,-2683456.1497430857,300.01359552202985,1.012682505357403,182,2:48:40
15.0%,1875000,3749.999999925148,-2681989.090505488,300.21142189719393,1.0128457446590224,182,2:48:17
15.2%,1900000,3799.999999923966,-2684040.7999587655,301.9621111304439,1.0120374034879094,182,2:47:56
15.4%,1925000,3849.9999999227834,-2684478.5421790183,299.48570851868755,1.013353762742265,182,2:47:32
15.6%,1950000,3899.999999921601,-2681565.5379599407,299.8508930082077,1.0110995353270262,182,2:47:08
15.8%,1975000,3949.9999999204188,-2683337.2432221454,299.4856294443486,1.0112845300431077,182,2:46:46
16.0%,2000000,3999.9999999192364,-2685611.7150620166,299.49069772300567,1.0135975618914648,182,2:46:24
16.2%,2025000,4049.999999918054,-2684527.4446661174,300.0486662319744,1.0131277146720044,182,2:46:00
16.4%,2050000,4099.999999917781,-2684219.4436375163,300.5241319725365,1.0122548256155133,182,2:45:36
16.6%,2075000,4149.999999927967,-2683648.603913242,300.7683929230399,1.0129981254999387,182,2:45:12
16.8%,2100000,4199.999999938153,-2684476.732220277,301.26178150705977,1.0118840111766778,182,2:44:48
17.0%,2125000,4249.99999994834,-2686510.882554205,300.27676763379026,1.015565557638777,182,2:44:22
17.2%,2150000,4299.999999958526,-2681210.525714444,299.9340853193601,1.0104555354876883,182,2:43:58
17.4%,2175000,4349.9999999687125,-2682655.9406713825,301.11561150254613,1.0122671065594804,182,2:43:33
17.6%,2200000,4399.999999978899,-2683042.671294598,300.3995763391281,1.0115468511742578,182,2:43:10
17.8%,2225000,4449.999999989085,-2683586.2348846644,300.4874178939491,1.013852322823473,182,2:42:47
18.0%,2250000,4499.9999999992715,-2684750.299786303,299.5753793884382,1.0118075536872013,182,2:42:25
18.2%,2275000,4550.000000009458,-2684539.0650610067,300.14797022253936,1.0121386377035833,182,2:42:00
18.4%,2300000,4600.000000019644,-2684226.1575876325,299.749091202153,1.0135707615562997,182,2:41:37
18.6%,2325000,4650.0000000298305,-2683085.693905439,299.93135886930247,1.0135583317485595,182,2:41:13
18.8%,2350000,4700.000000040017,-2684163.272009149,300.94627555375274,1.0122252096818645,182,2:40:50
19.0%,2375000,4750.000000050203,-2685571.589270219,301.15419223697336,1.013078291178565,182,2:40:26
19.2%,2400000,4800.0000000603895,-2685586.4372620806,300.32945298298677,1.0133722303143051,182,2:40:03
19.4%,2425000,4850.000000070576,-2682559.64138142,299.95620620571214,1.011078216475797,182,2:39:39
19.6%,2450000,4900.000000080762,-2683854.5552443266,299.9074894695151,1.0124558833490653,182,2:39:16
19.8%,2475000,4950.000000090949,-2683391.010558555,299.7332936993766,1.013819030119921,182,2:38:51
20.0%,2500000,5000.000000101135,-2683391.093128575,299.78113189638805,1.0143297356700207,182,2:38:28
20.2%,2525000,5050.000000111321,-2683553.419160811,300.7980309690844,1.0134810243398813,182,2:38:04
20.4%,2550000,5100.000000121508,-2684795.803276621,299.9425059522028,1.0156861497122345,182,2:37:40
20.6%,2575000,5150.000000131694,-2684673.872087937,301.26623666273554,1.01263085555846,182,2:37:16
20.8%,2600000,5200.00000014188,-2684746.144986434,300.4668429230176,1.0139075964253648,182,2:36:53
21.0%,2625000,5250.000000152067,-2683121.925493438,301.13521762844186,1.0112598152480956,182,2:36:29
21.2%,2650000,5300.000000162253,-2683718.0824978855,299.6628653748285,1.0117957127010706,182,2:36:05
21.4%,2675000,5350.000000172439,-2683545.689785147,300.1715148953384,1.01179001247114,182,2:35:41
21.6%,2700000,5400.000000182626,-2681159.2621787973,300.7690413112278,1.011180364512456,182,2:35:16
21.8%,2725000,5450.000000192812,-2685052.0498629026,300.3780823200825,1.0131358516516336,182,2:34:52
22.0%,2750000,5500.000000202998,-2685171.278790273,299.9221768976929,1.0136548340175993,182,2:34:28
22.2%,2775000,5550.000000213185,-2683603.4622754473,300.7509814812816,1.013058452222194,182,2:34:04
22.4%,2800000,5600.000000223371,-2685364.134703405,300.79174781663045,1.011571436897178,182,2:33:40
22.6%,2825000,5650.000000233557,-2682299.2046132702,300.3106776436955,1.011944916690081,182,2:33:16
22.8%,2850000,5700.000000243744,-2686650.5041862633,299.62965869060616,1.0128753376482575,182,2:32:52
23.0%,2875000,5750.00000025393,-2681956.2595503684,300.2067452818233,1.011882577002596,182,2:32:27
23.2%,2900000,5800.000000264116,-2685596.135695815,300.19934346959735,1.0117253240205097,182,2:32:05
23.4%,2925000,5850.000000274303,-2681591.5391672347,300.92568483755343,1.012140816793039,182,2:31:40
23.6%,2950000,5900.000000284489,-2683723.684046522,300.0786399123591,1.0121340472983278,182,2:31:17
23.8%,2975000,5950.000000294675,-2686213.544788286,300.524768982442,1.0122413636797831,182,2:30:52
24.0%,3000000,6000.000000304862,-2684227.113909615,299.784637626271,1.0119754012606734,182,2:30:28
24.2%,3025000,6050.000000315048,-2687919.3325059433,298.85091945027705,1.0130924786576332,182,2:30:04
24.4%,3050000,6100.000000325234,-2680618.334779097,299.4895672774233,1.012488305819216,182,2:29:41
24.6%,3075000,6150.000000335421,-2682704.771803668,299.61903001688876,1.011973727242998,182,2:29:17
24.8%,3100000,6200.000000345607,-2687169.4045050517,300.03811504054875,1.0140856175173352,182,2:28:54
25.0%,3125000,6250.000000355793,-2683509.708859103,299.7787541098431,1.0122781876502653,182,2:28:29
25.2%,3150000,6300.00000036598,-2682081.4547008164,300.33875952652636,1.010977298307902,182,2:28:05
25.4%,3175000,6350.000000376166,-2684187.664349865,301.3241774723797,1.0150879934618928,182,2:27:41
25.6%,3200000,6400.000000386352,-2684304.5011247396,299.7571493596527,1.0129843957323805,182,2:27:17
25.8%,3225000,6450.000000396539,-2683417.823520435,301.8831529968989,1.012657355875865,182,2:26:53
26.0%,3250000,6500.000000406725,-2684144.3332245536,299.38939709798177,1.0128467643005699,182,2:26:29
26.2%,3275000,6550.0000004169115,-2684297.2003566083,300.4107630978356,1.0132613760017015,182,2:26:04
26.4%,3300000,6600.000000427098,-2680339.4221950993,301.03138426046996,1.0116613640928924,182,2:25:41
26.6%,3325000,6650.000000437284,-2684086.967216851,299.4059305818918,1.0117520947598242,182,2:25:16
26.8%,3350000,6700.0000004474705,-2682425.1442916878,299.8398490543838,1.011494003668016,182,2:24:52
27.0%,3375000,6750.000000457657,-2684192.132369306,301.10349649109,1.01273018400399,182,2:24:29
27.2%,3400000,6800.000000467843,-2683674.0175672323,300.35304405008014,1.0126749564075084,182,2:24:05
27.4%,3425000,6850.0000004780295,-2685140.373790888,299.6330346483765,1.0141260416269302,182,2:23:42
27.6%,3450000,6900.000000488216,-2686183.236229636,301.16460156415513,1.0142574343587245,182,2:23:19
27.8%,3475000,6950.000000498402,-2683487.9046583436,301.07691694744693,1.0114481840915621,182,2:22:55
28.0%,3500000,7000.0000005085885,-2681020.979396919,300.3905713988867,1.0117392242775494,182,2:22:30
28.2%,3525000,7050.000000518775,-2683908.603026472,301.18534801044075,1.0115155644856715,182,2:22:07
28.4%,3550000,7100.000000528961,-2683812.0554723106,299.60836099028677,1.010821934505064,182,2:21:43
28.6%,3575000,7150.000000539148,-2681208.675433254,299.7370351047243,1.012040164681944,182,2:21:19
28.8%,3600000,7200.000000549334,-2686063.4419284947,300.5078970875333,1.0132096121503285,182,2:20:55
29.0%,3625000,7250.00000055952,-2683363.119543059,300.51945151673937,1.0151056930213962,182,2:20:31
29.2%,3650000,7300.000000569707,-2682422.747667799,300.29990750295815,1.0122250763428844,182,2:20:09
29.4%,3675000,7350.000000579893,-2686488.0869192947,300.584286315749,1.0118155749569988,182,2:19:45
29.6%,3700000,7400.000000590079,-2682504.596550243,300.021423238307,1.011716240581239,182,2:19:21
29.8%,3725000,7450.000000600266,-2681879.903852582,301.5178125060957,1.010784903513563,182,2:18:57
30.0%,3750000,7500.000000610452,-2681859.8173985723,300.5264565152269,1.0119538648317727,182,2:18:34
30.2%,3775000,7550.000000620638,-2683956.260470489,299.99765377261593,1.0140380944940757,182,2:18:09
30.4%,3800000,7600.000000630825,-2681121.281803157,298.673587731168,1.0105706349474466,182,2:17:45
30.6%,3825000,7650.000000641011,-2685582.8698465154,300.1026825395338,1.0108360333093944,182,2:17:22
30.8%,3850000,7700.000000651197,-2684293.901673788,299.8067313992482,1.0118998293596624,182,2:16:58
31.0%,3875000,7750.000000661384,-2683923.670012312,300.4285046426545,1.0130327977724303,182,2:16:34
31.2%,3900000,7800.00000067157,-2681603.542515734,301.4270913250839,1.012308085226884,182,2:16:11
31.4%,3925000,7850.000000681756,-2685237.397610044,300.31488802957057,1.0145044975922979,182,2:15:47
31.6%,3950000,7900.000000691943,-2685529.492916586,300.2200664369023,1.012985467443798,182,2:15:24
31.8%,3975000,7950.000000702129,-2683749.884032743,300.9956011663031,1.013672843536388,182,2:15:00
32.0%,4000000,8000.000000712315,-2685443.5576712135,299.6608712360277,1.0132155833895116,182,2:14:37
32.2%,4025000,8050.000000722502,-2681255.010611931,300.41017084292764,1.009788240950772,182,2:14:14
32.4%,4050000,8100.000000732688,-2686006.3615314234,300.3604285993776,1.0135041954711554,182,2:13:51
32.6%,4075000,8150.000000742874,-2682234.4905509986,300.3388274105427,1.0137013563157702,182,2:13:27
32.8%,4100000,8200.00000075306,-2686701.3944954276,298.72658199958363,1.0143738169956649,182,2:13:03
33.0%,4125000,8250.000000763246,-2684956.447769046,300.4287394209928,1.0125384853944734,182,2:12:40
33.2%,4150000,8300.000000773432,-2684463.2660361975,300.66045016903314,1.0126468381898035,182,2:12:16
33.4%,4175000,8350.000000783619,-2683942.167566998,300.80571407048836,1.011883344792824,182,2:11:53
33.6%,4200000,8400.000000793805,-2684853.5084395446,301.629389724221,1.012190640526268,182,2:11:29
33.8%,4225000,8450.000000803991,-2684878.081585942,301.5086702830418,1.0113631990408973,182,2:11:04
34.0%,4250000,8500.000000814178,-2683701.8180382233,301.1258134037815,1.0135007158219593,182,2:10:41
34.2%,4275000,8550.000000824364,-2682125.0551254265,300.51261440356757,1.0115046377142562,182,2:10:17
34.4%,4300000,8600.00000083455,-2683486.6775497478,300.66570026168046,1.012673926169899,182,2:09:54
34.6%,4325000,8650.000000844737,-2685016.929401092,300.41697069455466,1.0133519908454696,182,2:09:30
34.8%,4350000,8700.000000854923,-2686539.3018269856,300.0708665071419,1.0128316291663997,182,2:09:06
35.0%,4375000,8750.00000086511,-2683879.9644791298,299.4401567343375,1.0129206277101637,182,2:08:42
35.2%,4400000,8800.000000875296,-2682827.2904796954,300.8120370166679,1.0122008278549521,182,2:08:18
35.4%,4425000,8850.000000885482,-2684915.441384591,300.78505665770894,1.0120702222637266,182,2:07:53
35.6%,4450000,8900.000000895669,-2685484.3721050024,299.75799211935265,1.0116458166133675,182,2:07:29
35.8%,4475000,8950.000000905855,-2685978.976675652,299.3630186910414,1.0138603261941999,182,2:07:05
36.0%,4500000,9000.000000916041,-2685079.7208541557,299.931850453677,1.0143491212657063,182,2:06:42
36.2%,4525000,9050.000000926228,-2685605.404777305,300.3755929635622,1.0136127571366473,182,2:06:18
36.4%,4550000,9100.000000936414,-2687577.2432699185,300.87570212068005,1.0138460455294698,182,2:05:54
36.6%,4575000,9150.0000009466,-2683702.0254273918,300.98208047351824,1.0136841658455047,182,2:05:30
36.8%,4600000,9200.000000956787,-2683848.446618546,300.37311493443093,1.0113802052297554,182,2:05:06
37.0%,4625000,9250.000000966973,-2682176.236353969,300.4682713142111,1.0106090114273836,182,2:04:42
37.2%,4650000,9300.00000097716,-2683256.868804494,301.98402639022464,1.0121764372835675,182,2:04:18
37.4%,4675000,9350.000000987346,-2684659.8452009447,299.9079758031831,1.0142713934202978,182,2:03:54
37.6%,4700000,9400.000000997532,-2683861.362940548,300.5091129144405,1.0119989165777257,182,2:03:30
37.8%,4725000,9450.000001007718,-2684786.5070644375,299.90234593210874,1.0134575446747636,182,2:03:06
38.0%,4750000,9500.000001017905,-2686489.77436327,300.6632315974722,1.0127869125679099,182,2:02:42
38.2%,4775000,9550.000001028091,-2683429.2802789826,300.2479880733108,1.0128066274644545,182,2:02:18
38.4%,4800000,9600.000001038277,-2685027.676938582,301.008892442395,1.0124677789618932,182,2:01:55
38.6%,4825000,9650.000001048464,-2681104.1500383504,299.42852048276154,1.011912407810898,182,2:01:32
38.8%,4850000,9700.00000105865,-2686251.655517062,300.9155423057223,1.013677246107614,182,2:01:08
39.0%,4875000,9750.000001068836,-2685588.036157664,300.6140203306617,1.0128496381019,182,2:00:44
39.2%,4900000,9800.000001079023,-2684042.6900608223,300.0645037403388,1.0138895496564613,182,2:00:20
39.4%,4925000,9850.000001089209,-2685338.9153109845,299.6885869709063,1.0133562186399976,182,1:59:57
39.6%,4950000,9900.000001099395,-2683677.7021890283,300.6232213011104,1.0131111223592928,182,1:59:33
39.8%,4975000,9950.000001109582,-2682187.80657948,300.96180416363205,1.0120725148911431,182,1:59:09
40.0%,5000000,10000.000001119768,-2686527.1821077,301.2916521146593,1.0142045368663508,182,1:58:46
40.2%,5025000,10050.000001129954,-2686960.842428487,300.94715482063924,1.0140958552014843,182,1:58:22
40.4%,5050000,10100.00000114014,-2685755.87168807,300.4170182049926,1.0152488115911338,182,1:57:58
40.6%,5075000,10150.000001150327,-2686078.1197486594,298.54644369549476,1.0125139022295486,182,1:57:35
40.8%,5100000,10200.000001160513,-2686216.764634108,301.4427783857876,1.0135934344404811,182,1:57:11
41.0%,5125000,10250.0000011707,-2683531.553539293,300.1524512110498,1.0115431438873426,182,1:56:46
41.2%,5150000,10300.000001180886,-2683592.7475241497,300.02361894843773,1.0110911832933374,182,1:56:23
41.4%,5175000,10350.000001191072,-2682921.8932283185,299.32986648067947,1.0119937403006054,182,1:55:59
41.6%,5200000,10400.000001201259,-2684865.934481688,299.7065603972872,1.0133571527184024,182,1:55:35
41.8%,5225000,10450.000001211445,-2682676.875420101,300.1869057170967,1.0125413307572775,182,1:55:11
42.0%,5250000,10500.000001221631,-2685357.3157307804,299.2105267435127,1.0122775538630704,182,1:54:47
42.2%,5275000,10550.000001231818,-2684700.5344474018,300.10120870441796,1.0137542946729619,182,1:54:24
42.4%,5300000,10600.000001242004,-2684084.79236833,300.51756347986725,1.0108660521556403,182,1:54:00
42.6%,5325000,10650.00000125219,-2686260.706326252,300.8521292509983,1.0125753473917627,182,1:53:36
42.8%,5350000,10700.000001262377,-2685764.3179104384,300.2491858398817,1.012840733557014,182,1:53:13
43.0%,5375000,10750.000001272563,-2684849.4788888004,299.950625911288,1.0122726593112217,182,1:52:49
43.2%,5400000,10800.00000128275,-2683726.9136356227,300.52906358382205,1.0144874194822684,182,1:52:25
43.4%,5425000,10850.000001292936,-2681371.615102615,299.87351207836974,1.0124516304490372,182,1:52:01
43.6%,5450000,10900.000001303122,-2685315.9817744736,300.0113390420476,1.0120781568249608,182,1:51:38
43.8%,5475000,10950.000001313309,-2683642.8709861394,300.20581886071506,1.0126215032882384,182,1:51:14
44.0%,5500000,11000.000001323495,-2681631.477061771,299.91234410991757,1.0121021596649253,182,1:50:50
44.2%,5525000,11050.000001333681,-2685652.958363669,301.2309222991124,1.0131095454553967,182,1:50:27
44.4%,5550000,11100.000001343868,-2685793.7755067665,300.8413193260684,1.0134515076465018,182,1:50:04
44.6%,5575000,11150.000001354054,-2684960.061236454,300.43154628435906,1.0122939662295585,182,1:49:40
44.8%,5600000,11200.00000136424,-2685734.685984656,299.70709049077243,1.0145352775690082,182,1:49:16
45.0%,5625000,11250.000001374427,-2685106.559217643,299.708683872285,1.0131240642910964,182,1:48:53
45.2%,5650000,11300.000001384613,-2686075.7683430817,300.4742398488024,1.0129625983638728,182,1:48:29
45.4%,5675000,11350.0000013948,-2681138.6581541393,300.08472416596135,1.0114435441989698,182,1:48:05
45.6%,5700000,11400.000001404986,-2684417.9530386683,301.0161379855375,1.0150123172884455,182,1:47:41
45.8%,5725000,11450.000001415172,-2683867.645121334,300.40355762746964,1.0123494212550799,182,1:47:17
46.0%,5750000,11500.000001425358,-2680727.003338672,301.73080363121295,1.0124322123330234,182,1:46:53
46.2%,5775000,11550.000001435545,-2684091.1172216944,301.1980722309858,1.0126574569711513,182,1:46:30
46.4%,5800000,11600.000001445731,-2686178.0027455,301.0603204207957,1.0123374135231906,182,1:46:06
46.6%,5825000,11650.000001455917,-2688029.1078073196,300.67629043471516,1.0147489229056375,182,1:45:43
46.8%,5850000,11700.000001466104,-2684295.625057712,299.3956958986183,1.0108099423560133,182,1:45:19
47.0%,5875000,11750.00000147629,-2688180.5615263786,300.9570670849202,1.014572078894156,182,1:44:56
47.2%,5900000,11800.000001486476,-2684309.3536117543,301.0953804235221,1.0128724655399126,182,1:44:32
47.4%,5925000,11850.000001496663,-2684398.407095637,300.029244298331,1.012053769219493,182,1:44:08
47.6%,5950000,11900.000001506849,-2684999.391537484,301.5372315936234,1.0130132124380955,182,1:43:44
47.8%,5975000,11950.000001517035,-2684053.6951371394,300.02715415118104,1.012153295665238,182,1:43:21
48.0%,6000000,12000.000001527222,-2684582.724232152,301.4028155763021,1.0111634331013404,182,1:42:57
48.2%,6025000,12050.000001537408,-2684309.860141378,300.66618277804025,1.0115416717936383,182,1:42:33
48.4%,6050000,12100.000001547594,-2684371.4540436864,300.541482495876,1.0131327462344655,182,1:42:10
48.6%,6075000,12150.00000155778,-2683111.838691609,300.10416876194364,1.0131350407323874,182,1:41:46
48.8%,6100000,12200.000001567967,-2685360.78851993,300.36048242193567,1.0126932005285743,182,1:41:23
49.0%,6125000,12250.000001578153,-2685789.3364313263,300.09751237699186,1.0129589128946703,182,1:40:59
49.2%,6150000,12300.00000158834,-2684514.3470405787,300.29605462668326,1.0117689129072005,182,1:40:35
49.4%,6175000,12350.000001598526,-2684968.8428527564,299.8665105386481,1.0135320852932164,182,1:40:11
49.6%,6200000,12400.000001608712,-2684710.42510142,301.3098534253294,1.0124256155417557,182,1:39:47
49.8%,6225000,12450.000001618899,-2685062.8591437507,300.03569989279333,1.0134815996396445,182,1:39:24
50.0%,6250000,12500.000001629085,-2680912.046569554,300.29868743545234,1.010372672427281,182,1:39:00
50.2%,6275000,12550.000001639271,-2685080.401798608,300.5641148427233,1.0141766405750607,182,1:38:37
50.4%,6300000,12600.000001649458,-2682563.019659873,300.9601273290568,1.0132453579372354,182,1:38:13
50.6%,6325000,12650.000001659644,-2684337.6164076384,300.0083264236433,1.0115791247172015,182,1:37:49
50.8%,6350000,12700.00000166983,-2683671.424872488,301.09288063490993,1.0130359543455703,182,1:37:25
51.0%,6375000,12750.000001680017,-2683988.985861888,300.7983436615573,1.0127698681159483,182,1:37:01
51.2%,6400000,12800.000001690203,-2684290.780592287,300.18243187651956,1.0138818600435506,182,1:36:37
51.4%,6425000,12850.00000170039,-2686769.755275205,300.0436094927495,1.013472445986506,182,1:36:13
51.6%,6450000,12900.000001710576,-2685433.6178162433,300.859516194785,1.0122794886488455,182,1:35:50
51.8%,6475000,12950.000001720762,-2689397.3751211036,300.9658623002494,1.014284998870765,182,1:35:26
52.0%,6500000,13000.000001730948,-2685112.112501012,299.70314770400853,1.01144413505212,182,1:35:02
52.2%,6525000,13050.000001741135,-2682012.841864107,301.7413409326977,1.0122654912377422,182,1:34:38
52.4%,6550000,13100.000001751321,-2682219.82646651,300.0455714505002,1.0123995629793556,182,1:34:14
52.6%,6575000,13150.000001761508,-2686158.929143777,300.74217704173026,1.0129829231013643,182,1:33:51
52.8%,6600000,13200.000001771694,-2686090.3072655927,300.5700590841266,1.0125484310063628,182,1:33:27
53.0%,6625000,13250.00000178188,-2685229.2057172675,299.80641890989693,1.012058278973531,182,1:33:03
53.2%,6650000,13300.000001792067,-2685089.095988501,300.36628681938845,1.0121628283511037,182,1:32:39
53.4%,6675000,13350.000001802253,-2681778.458371265,299.4957481139739,1.0118144141983278,182,1:32:15
53.6%,6700000,13400.00000181244,-2685678.3717662264,300.25622537901353,1.0134484303918743,182,1:31:52
53.8%,6725000,13450.000001822626,-2684266.7673529964,299.64809185563087,1.0139311760190242,182,1:31:28
54.0%,6750000,13500.000001832812,-2685540.569354752,301.0590808100522,1.0124988963258938,182,1:31:04
54.2%,6775000,13550.000001842998,-2683042.0530416872,300.0562624132417,1.0116452222554368,182,1:30:41
54.4%,6800000,13600.000001853185,-2685464.044341905,300.5155122891418,1.0140035087194341,182,1:30:17
54.6%,6825000,13650.000001863371,-2683315.5216285884,300.2155056397492,1.0122484341428988,182,1:29:54
54.8%,6850000,13700.000001873557,-2683897.0088917017,299.8358146972264,1.0122162307210334,182,1:29:30
55.0%,6875000,13750.000001883744,-2687083.727632303,299.7952394244454,1.0127537667430344,182,1:29:06
55.2%,6900000,13800.00000189393,-2685684.7123247646,299.1836031491366,1.0124843157765018,182,1:28:42
55.4%,6925000,13850.000001904116,-2684573.200303428,299.8407693750705,1.0136023080882766,182,1:28:18
55.6%,6950000,13900.000001914303,-2681725.9344561975,300.2169540216232,1.012649333145787,182,1:27:55
55.8%,6975000,13950.000001924489,-2681379.5756037273,298.745447447091,1.0120602247523616,182,1:27:31
56.0%,7000000,14000.000001934675,-2684281.8133942783,299.06471510899945,1.0124478890003454,182,1:27:07
56.2%,7025000,14050.000001944862,-2684129.4000674374,301.08775367312,1.0128285929618568,182,1:26:44
56.4%,7050000,14100.000001955048,-2682135.1356257107,300.2644507330255,1.0129120215239207,182,1:26:20
56.6%,7075000,14150.000001965234,-2685891.8750424385,299.983830779427,1.0148649685206315,182,1:25:56
56.8%,7100000,14200.00000197542,-2684931.1342225745,299.50411428254904,1.0109802377935388,182,1:25:32
57.0%,7125000,14250.000001985607,-2685722.4646902643,300.28529281016455,1.0119386273551763,182,1:25:08
57.2%,7150000,14300.000001995793,-2683122.510403225,300.43107730437936,1.0115161947326892,182,1:24:44
57.4%,7175000,14350.00000200598,-2686264.1318694577,300.1663385632557,1.0121792983680753,182,1:24:20
57.6%,7200000,14400.000002016166,-2684906.8958784044,300.2066245036897,1.0120446829914231,182,1:23:57
57.8%,7225000,14450.000002026352,-2682768.0527868867,300.17375210104683,1.0127801266693406,182,1:23:33
58.0%,7250000,14500.000002036539,-2687214.706328258,299.93157081309397,1.0105778802979173,182,1:23:09
58.2%,7275000,14550.000002046725,-2683527.4800211824,301.19437990437797,1.0116427395208423,182,1:22:45
58.4%,7300000,14600.000002056911,-2682963.5656859297,299.6531395207199,1.0114717794830355,182,1:22:21
58.6%,7325000,14650.000002067098,-2685539.3319303207,300.31137015736704,1.0130473838114746,182,1:21:57
58.8%,7350000,14700.000002077284,-2685225.069010824,301.0954343898088,1.0123234707296964,182,1:21:34
59.0%,7375000,14750.00000208747,-2684730.613236159,300.1392401841055,1.012621049124124,182,1:21:10
59.2%,7400000,14800.000002097657,-2685038.308589602,300.5495208909937,1.012769735234969,182,1:20:46
59.4%,7425000,14850.000002107843,-2687937.0395499915,300.7088797058725,1.012776992462767,182,1:20:22
59.6%,7450000,14900.00000211803,-2685254.704080958,299.8777520937517,1.0133462295833198,182,1:19:58
59.8%,7475000,14950.000002128216,-2683753.759429738,300.2211528339795,1.0142521204571886,182,1:19:35
60.0%,7500000,15000.000002138402,-2682120.062107986,299.7189590758356,1.0108296713431213,182,1:19:11
60.2%,7525000,15050.000002148588,-2684359.323951753,300.2304953457651,1.0123216956561383,182,1:18:47
60.4%,7550000,15100.000002158775,-2683132.225165641,301.2644870589046,1.0111858666708424,182,1:18:23
60.6%,7575000,15150.000002168961,-2684823.679391183,300.9009670008317,1.013099706919017,182,1:17:59
60.8%,7600000,15200.000002179147,-2683441.5513195414,301.5886977004423,1.0139297647817822,182,1:17:36
61.0%,7625000,15250.000002189334,-2685165.134324599,299.90148413686177,1.0130069217762285,182,1:17:12
61.2%,7650000,15300.00000219952,-2682691.0277194623,299.14608744418047,1.0135408111698019,182,1:16:48
61.4%,7675000,15350.000002209707,-2685125.269636376,301.0584189225129,1.0143380514991724,182,1:16:24
61.6%,7700000,15400.000002219893,-2681952.3997307196,300.21545513945443,1.0136028285974896,182,1:16:00
61.8%,7725000,15450.00000223008,-2685514.9728215504,300.3929190918736,1.0121231871124348,182,1:15:37
62.0%,7750000,15500.000002240266,-2679939.0864655953,299.55122676284435,1.0107565682052642,182,1:15:13
62.2%,7775000,15550.000002250452,-2683377.523078205,300.3947483912089,1.012185366627148,182,1:14:49
62.4%,7800000,15600.000002260638,-2685026.4536604844,300.14548119069576,1.0113451843177568,182,1:14:25
62.6%,7825000,15650.000002270825,-2682913.623030126,301.7304029534904,1.0124560440983366,182,1:14:01
62.8%,7850000,15700.00000228101,-2683339.61679562,299.84240104721556,1.013335145310988,182,1:13:38
63.0%,7875000,15750.000002291197,-2688093.2497974206,299.3872184332311,1.0145901869158136,182,1:13:14
63.2%,7900000,15800.000002301384,-2686421.6507797893,299.9259723248411,1.012410506780849,182,1:12:50
63.4%,7925000,15850.00000231157,-2682803.4170453697,300.0034885510341,1.011783610333332,182,1:12:27
63.6%,7950000,15900.000002321756,-2682373.6183403283,301.3283051468079,1.012699857908899,182,1:12:03
63.8%,7975000,15950.000002331943,-2686746.433753483,299.02860960351325,1.0129651916164548,182,1:11:39
64.0%,8000000,16000.000002342129,-2685706.3904470783,300.7450834111202,1.0142695349060902,182,1:11:15
64.2%,8025000,16050.000002352315,-2685984.854177229,300.778931282676,1.011498330990314,182,1:10:51
64.4%,8050000,16100.000002362502,-2686250.257644471,300.13589132530444,1.0118055301493396,182,1:10:28
64.6%,8075000,16150.000002372688,-2683672.5642980076,300.49678649946014,1.0128292086506876,182,1:10:04
64.8%,8100000,16200.000002382874,-2681641.9093143456,299.52127128380664,1.0110248943624267,182,1:09:40
65.0%,8125000,16250.00000239306,-2680876.619533865,298.79448275943923,1.0125514137493554,182,1:09:16
65.2%,8150000,16300.000002403247,-2683675.4166637473,300.9203314520492,1.0126171281188499,182,1:08:52
65.4%,8175000,16350.000002413433,-2683965.5139403753,299.6018197570859,1.012869167113412,182,1:08:28
65.6%,8200000,16400.000002423618,-2683089.1409576274,299.870735117057,1.0122488257749955,182,1:08:05
65.8%,8225000,16450.000002433804,-2685416.63565897,299.23940339887633,1.010733025184588,182,1:07:41
66.0%,8250000,16500.00000244399,-2685906.108521601,300.74580368354884,1.0124248932928743,182,1:07:17
66.2%,8275000,16550.000002454177,-2683264.9816814084,299.2587527121376,1.013282487665082,182,1:06:53
66.4%,8300000,16600.000002464363,-2684751.345870262,299.6157911433625,1.0128446960734794,182,1:06:30
66.6%,8325000,16650.00000247455,-2685744.8393973727,300.17745981751426,1.0115499109338797,182,1:06:06
66.8%,8350000,16700.000002484736,-2681135.6499688234,300.4928412919196,1.012999725008611,182,1:05:42
67.0%,8375000,16750.000002494922,-2681420.7388844043,300.40720217543185,1.0130196618013856,182,1:05:18
67.2%,8400000,16800.00000250511,-2686954.447997866,300.43516762535114,1.0128600133608272,182,1:04:55
67.4%,8425000,16850.000002515295,-2684637.4685234353,300.69877488523474,1.0129992092561746,182,1:04:31
67.6%,8450000,16900.00000252548,-2684065.3113605753,300.0455230352804,1.0120902235927296,182,1:04:07
67.8%,8475000,16950.000002535668,-2684982.3451392315,299.74648964270455,1.0121440834518072,182,1:03:44
68.0%,8500000,17000.000002545854,-2685497.8721972946,300.3455637070198,1.0123643975952803,182,1:03:20
68.2%,8525000,17050.00000255604,-2686149.5849237423,300.44783270654335,1.014737835927265,182,1:02:56
68.4%,8550000,17100.000002566227,-2683191.8552937023,300.35921616854944,1.0132947653547648,182,1:02:32
68.6%,8575000,17150.000002576413,-2684166.8023596946,300.71996607955595,1.0123298857469223,182,1:02:08
68.8%,8600000,17200.0000025866,-2684534.8482693676,298.9418370831974,1.012208465741301,182,1:01:45
69.0%,8625000,17250.000002596786,-2684593.098722674,300.02678809375317,1.0136108871761578,182,1:01:21
69.2%,8650000,17300.000002606972,-2682844.062197786,300.5015100066574,1.0126743463782124,182,1:00:57
69.4%,8675000,17350.00000261716,-2686055.356291434,299.4725902357463,1.012130945759487,182,1:00:33
69.6%,8700000,17400.000002627345,-2682833.9369347356,300.4344082724333,1.0118480250751192,182,1:00:10
69.8%,8725000,17450.00000263753,-2685670.067764895,300.490242019877,1.0105417639393979,182,59:46
70.0%,8750000,17500.000002647717,-2687026.146746693,300.46554148333723,1.0140112010590987,182,59:22
70.2%,8775000,17550.000002657904,-2682970.6337621026,300.7829422998534,1.011784376070575,182,58:58
70.4%,8800000,17600.00000266809,-2683691.9418690167,300.7374973660424,1.0101651446217086,182,58:35
70.6%,8825000,17650.000002678276,-2684078.4786354788,300.6022719573646,1.0131816578824937,182,58:11
70.8%,8850000,17700.000002688463,-2683358.6036498677,300.3321053684776,1.011236295541268,182,57:47
71.0%,8875000,17750.00000269865,-2683240.1464424916,301.73287567227226,1.0121097706216962,182,57:23
71.2%,8900000,17800.000002708835,-2685985.514220355,300.5151754805396,1.013045661131675,182,57:00
71.4%,8925000,17850.00000271902,-2682645.4232345,299.9674901715044,1.010389283156524,182,56:36
71.6%,8950000,17900.000002729208,-2682996.80967097,300.87402781054067,1.0117801084254368,182,56:12
71.8%,8975000,17950.000002739394,-2681497.328168707,299.9819965199099,1.0121964309225602,182,55:48
72.0%,9000000,18000.00000274958,-2683397.6233590897,300.3283201336786,1.011996094947596,182,55:25
72.2%,9025000,18050.000002759767,-2684597.4183242843,301.49191555532366,1.0127821919454045,182,55:01
72.4%,9050000,18100.000002769953,-2681617.1166451704,299.9070063131467,1.0115648549000904,182,54:37
72.6%,9075000,18150.00000278014,-2684981.6855051015,298.98001497242694,1.0130733141930444,182,54:14
72.8%,9100000,18200.000002790326,-2686669.063844446,301.09224377653095,1.0153168351683863,182,53:50
73.0%,9125000,18250.000002800512,-2685855.1781112943,300.32917533673725,1.0135077894719542,182,53:26
73.2%,9150000,18300.0000028107,-2686246.710634038,301.11147328679783,1.012550653060783,182,53:02
73.4%,9175000,18350.000002820885,-2684556.085633572,300.4622760008198,1.0135306366304337,182,52:39
73.6%,9200000,18400.00000283107,-2681724.9923813865,300.0197490753875,1.0113233197891494,182,52:15
73.8%,9225000,18450.000002841258,-2680726.26013314,300.353279854601,1.011918810419143,182,51:51
74.0%,9250000,18500.000002851444,-2684065.7027088273,299.87514458391456,1.0129673303124096,182,51:28
74.2%,9275000,18550.00000286163,-2685400.2365153823,300.6029361659243,1.0126120207203475,182,51:04
74.4%,9300000,18600.000002871817,-2684272.651965672,300.02175241406445,1.0118139214778785,182,50:40
74.6%,9325000,18650.000002882003,-2686019.6466149185,300.96599492512803,1.0100192841298672,182,50:16
74.8%,9350000,18700.00000289219,-2683628.244508384,300.00719027486633,1.0135100454010482,182,49:53
75.0%,9375000,18750.000002902376,-2683945.1937061995,298.47464444038354,1.0122137040393822,182,49:29
75.2%,9400000,18800.000002912562,-2683689.0638163593,301.04239352696186,1.0119125122644534,182,49:05
75.4%,9425000,18850.00000292275,-2684915.153808126,299.8755406066761,1.0117840358137922,182,48:41
75.6%,9450000,18900.000002932935,-2687769.46422744,299.7989058418538,1.0147295334261714,182,48:18
75.8%,9475000,18950.00000294312,-2684261.577687649,300.312877610406,1.0112544333430409,182,47:54
76.0%,9500000,19000.000002953308,-2683061.6865894403,299.3154024040287,1.0138344801198442,182,47:30
76.2%,9525000,19050.000002963494,-2685284.9010628015,300.2593157784911,1.014294118009037,182,47:06
76.4%,9550000,19100.00000297368,-2683832.475947406,299.1633833563902,1.0116413810780058,182,46:43
76.6%,9575000,19150.000002983867,-2685560.4382404797,299.6495212414376,1.0129586167914058,182,46:19
76.8%,9600000,19200.000002994053,-2685388.9116034172,298.96900288182906,1.0122725103684094,182,45:55
77.0%,9625000,19250.00000300424,-2683074.3174114525,300.0057929218407,1.0117874923222818,182,45:31
77.2%,9650000,19300.000003014426,-2685251.954518469,300.2087855006183,1.0118089015474836,182,45:08
77.4%,9675000,19350.000003024612,-2683918.105479192,299.54589182713596,1.0114000784948978,182,44:44
77.6%,9700000,19400.0000030348,-2682398.1279701497,300.74615021266465,1.0125744072207383,182,44:20
77.8%,9725000,19450.000003044985,-2682808.513096107,298.26086520303807,1.012931420338619,182,43:56
78.0%,9750000,19500.00000305517,-2682256.854096718,300.22964064211516,1.0139763934774633,182,43:33
78.2%,9775000,19550.000003065357,-2684340.86306216,300.9577643570523,1.0118774704866462,182,43:09
78.4%,9800000,19600.000003075544,-2683505.260309657,300.8452296938975,1.0127447618516041,182,42:45
78.6%,9825000,19650.00000308573,-2685963.2757162414,300.93281465854847,1.0129060797403036,182,42:21
78.8%,9850000,19700.000003095916,-2685012.4336629007,300.6491493741694,1.0147961704893833,182,41:57
79.0%,9875000,19750.000003106103,-2684702.6712062713,301.1146815592962,1.0118212888682885,182,41:34
79.2%,9900000,19800.00000311629,-2684608.471839726,300.70252981377024,1.008823706805156,182,41:10
79.4%,9925000,19850.000003126475,-2681476.1911623683,300.42230999035553,1.0100722872087171,182,40:46
79.6%,9950000,19900.00000313666,-2684760.625977844,301.20511391421246,1.0124825010856924,182,40:22
79.8%,9975000,19950.000003146848,-2686329.6516337097,300.7027154783797,1.0134440491953294,182,39:59
80.0%,10000000,20000.000003157034,-2683432.76320857,300.3383435804722,1.0114299906465005,182,39:35
80.2%,10025000,20050.00000316722,-2683505.4060809594,299.44947766785396,1.0105238869783777,182,39:11
80.4%,10050000,20100.000003177407,-2685312.29598839,300.4081170829829,1.0141199588030434,182,38:47
80.6%,10075000,20150.000003187593,-2684172.0433961563,299.86212682814573,1.0122295134545525,182,38:24
80.8%,10100000,20200.00000319778,-2684686.0227216408,300.20803363707836,1.0141218841141912,182,38:00
81.0%,10125000,20250.000003207966,-2687679.7276414484,298.9169614056036,1.012002818342571,182,37:36
81.2%,10150000,20300.000003218152,-2682431.106412081,299.3881024418017,1.0118634674702225,182,37:13
81.4%,10175000,20350.00000322834,-2683775.388884252,300.8989289888568,1.0108365179023349,182,36:49
81.6%,10200000,20400.000003238525,-2686598.5355877597,300.82510550639864,1.0125336573649157,182,36:25
81.8%,10225000,20450.00000324871,-2681360.0306384657,299.74191340414694,1.0125270191899605,182,36:01
82.0%,10250000,20500.000003258898,-2684685.774412548,300.11499670448603,1.0134412872058252,182,35:38
82.2%,10275000,20550.000003269084,-2686304.6900949106,300.1409683591442,1.0126696184705737,182,35:14
82.4%,10300000,20600.00000327927,-2687489.0905614533,299.19912659676527,1.0134437170337876,182,34:50
82.6%,10325000,20650.000003289457,-2688092.9383663125,300.2809682040552,1.0145521999029055,182,34:26
82.8%,10350000,20700.000003299643,-2682053.0753658116,299.87752357930503,1.0108899471131652,182,34:03
83.0%,10375000,20750.00000330983,-2686197.335701719,301.2303059790038,1.0125947845176955,182,33:39
83.2%,10400000,20800.000003320016,-2685906.600709334,299.6400794277609,1.013331499680018,182,33:15
83.4%,10425000,20850.000003330202,-2684015.716026239,299.6764153142516,1.0129154859996723,182,32:51
83.6%,10450000,20900.00000334039,-2685217.4875453655,299.8632647113133,1.0128837763444754,182,32:28
83.8%,10475000,20950.000003350575,-2682102.6079884246,299.9219633605469,1.0139289882708757,182,32:04
84.0%,10500000,21000.00000336076,-2684456.229374746,300.14637669151534,1.0104743414302113,182,31:40
84.2%,10525000,21050.000003370948,-2684229.587328378,299.9689939768405,1.0105708524935442,182,31:16
84.4%,10550000,21100.000003381134,-2684027.906561859,300.3027512513605,1.0117817999249554,182,30:53
84.6%,10575000,21150.00000339132,-2685716.998044789,299.88298630676974,1.013470904547802,182,30:29
84.8%,10600000,21200.000003401507,-2684815.8851655833,300.97424724030117,1.0126748222467934,182,30:05
85.0%,10625000,21250.000003411693,-2683742.9983117077,299.5158574126192,1.0125416295108698,182,29:41
85.2%,10650000,21300.00000342188,-2684577.3770524915,301.69300352370004,1.0128342656281903,182,29:18
85.4%,10675000,21350.000003432066,-2683341.7147943154,300.07270557115345,1.0133465112598357,182,28:54
85.6%,10700000,21400.000003442252,-2686290.09680409,300.44206588406803,1.012727792215258,182,28:30
85.8%,10725000,21450.00000345244,-2683731.9582467824,300.9207416119808,1.0116999590811984,182,28:06
86.0%,10750000,21500.000003462625,-2686221.6871426776,300.399011970848,1.0138307680443595,182,27:43
86.2%,10775000,21550.00000347281,-2686016.870788008,300.3762776908552,1.0131624037757874,182,27:19
86.4%,10800000,21600.000003482997,-2685681.623018807,299.5945184058847,1.0146155349737178,182,26:55
86.6%,10825000,21650.000003493184,-2684469.8813625947,300.4404893146493,1.0142495961528557,182,26:31
86.8%,10850000,21700.00000350337,-2685099.7385213114,300.1293536802302,1.0129421847931102,182,26:07
87.0%,10875000,21750.000003513556,-2684659.6628080606,300.3876639722077,1.0133124796181014,182,25:44
87.2%,10900000,21800.000003523743,-2683703.590246601,300.7400919197613,1.01241444330462,182,25:20
87.4%,10925000,21850.00000353393,-2684455.6098833624,301.5314577500004,1.009780060806001,182,24:56
87.6%,10950000,21900.000003544115,-2684555.246896468,298.91396841170405,1.0111005855332136,182,24:32
87.8%,10975000,21950.0000035543,-2681811.5327066015,299.96923750857087,1.012464235414469,182,24:09
88.0%,11000000,22000.000003564488,-2682725.6230517235,299.340581205018,1.0120110015800294,182,23:45
88.2%,11025000,22050.000003574674,-2684431.9792664926,300.33411512310454,1.013204317323807,182,23:21
88.4%,11050000,22100.00000358486,-2686230.408347659,299.7868210830763,1.011483345437301,182,22:57
88.6%,11075000,22150.000003595047,-2685169.8615111765,300.07646433142725,1.01296983039281,182,22:34
88.8%,11100000,22200.000003605233,-2684568.2252660673,299.7109947980653,1.0111367408480572,182,22:10
89.0%,11125000,22250.00000361542,-2682772.1908358447,301.5548826494228,1.0112352897831145,182,21:46
89.2%,11150000,22300.000003625606,-2687623.0272990763,299.63727652528445,1.0134588549431103,182,21:22
89.4%,11175000,22350.000003635792,-2683574.9021279197,299.65250011092917,1.0131906972965192,182,20:59
89.6%,11200000,22400.00000364598,-2686671.1604623795,300.728453999284,1.0128714940373638,182,20:35
89.8%,11225000,22450.000003656165,-2685987.606782509,300.49266380182604,1.0124730155388932,182,20:11
90.0%,11250000,22500.00000366635,-2687239.8991946615,299.50142246449417,1.011918376578539,182,19:47
90.2%,11275000,22550.000003676538,-2687313.4717472848,298.9165492631417,1.0127609408363913,182,19:24
90.4%,11300000,22600.000003686724,-2684414.25409038,299.6825282755194,1.0108727608123829,182,19:00
90.6%,11325000,22650.00000369691,-2686672.5675986744,300.58568964580763,1.0145502892984062,182,18:36
90.8%,11350000,22700.000003707097,-2685340.4880152047,300.2634579053308,1.013620172917654,182,18:12
91.0%,11375000,22750.000003717283,-2683318.9338502437,299.5680579563442,1.0129877362330708,182,17:49
91.2%,11400000,22800.00000372747,-2683374.0602544285,299.6036608869341,1.0106199742289648,182,17:25
91.4%,11425000,22850.000003737656,-2681676.320520075,300.1212085051378,1.0124501331842601,182,17:01
91.6%,11450000,22900.000003747842,-2679429.863767227,301.5562595070266,1.0120255870703332,182,16:38
91.8%,11475000,22950.00000375803,-2683243.0614703633,300.419937837552,1.011730157459659,182,16:14
92.0%,11500000,23000.000003768215,-2683771.2021245863,300.97871039022084,1.012198338883594,182,15:50
92.2%,11525000,23050.0000037784,-2686387.255301241,300.9083646394997,1.0125572763626272,182,15:26
92.4%,11550000,23100.000003788587,-2686245.329503471,299.7391661365427,1.0122448165223044,182,15:02
92.6%,11575000,23150.000003798774,-2687197.5045548286,302.0027009497864,1.0130642370505347,182,14:39
92.8%,11600000,23200.00000380896,-2686864.7032271326,300.3674063683468,1.0137876540583062,182,14:15
93.0%,11625000,23250.000003819147,-2680764.3288356606,300.761898188631,1.0121351528763471,182,13:51
93.2%,11650000,23300.000003829333,-2684109.3445852883,300.197126953755,1.0128545532888753,182,13:27
93.4%,11675000,23350.00000383952,-2683150.6323272437,300.6123823453221,1.012162267670076,182,13:04
93.6%,11700000,23400.000003849706,-2685485.5815057717,301.1250492553682,1.0109794698345265,182,12:40
93.8%,11725000,23450.000003859892,-2684146.0862553455,300.5929529481697,1.0132444583386992,182,12:16
94.0%,11750000,23500.00000387008,-2682057.054383995,299.9913436905194,1.0096436787361527,182,11:52
94.2%,11775000,23550.000003880265,-2684799.78126836,300.0451318694576,1.0136574251504396,182,11:29
94.4%,11800000,23600.00000389045,-2686002.917291483,300.81720512110377,1.0133861490586944,182,11:05
94.6%,11825000,23650.000003900637,-2683634.9375906736,301.20163651776386,1.0126052400004244,182,10:41
94.8%,11850000,23700.000003910824,-2685989.8026084024,300.7711667980736,1.012352160894818,182,10:17
95.0%,11875000,23750.00000392101,-2685634.253458414,299.6445530905937,1.012729131300344,182,9:53
95.2%,11900000,23800.000003931196,-2687952.527312411,300.4464000547657,1.0150946288479903,182,9:30
95.4%,11925000,23850.000003941383,-2683826.3269900028,300.5032159335225,1.0118359365151965,182,9:06
95.6%,11950000,23900.00000395157,-2684040.031884821,301.0579059150415,1.0134934528798882,182,8:42
95.8%,11975000,23950.000003961755,-2684233.420395311,299.94867830653783,1.010920589519369,182,8:18
96.0%,12000000,24000.00000397194,-2683340.9917708673,299.3663143857241,1.0121997701058028,182,7:55
96.2%,12025000,24050.000003982128,-2682150.337395234,299.9584517052634,1.0110333834564433,182,7:31
96.4%,12050000,24100.000003992314,-2682722.1568502765,300.14988968785417,1.0133978229965945,182,7:07
96.6%,12075000,24150.0000040025,-2683892.638996575,299.7374804700887,1.0135826554952843,182,6:43
96.8%,12100000,24200.000004012687,-2684503.5173973516,300.44769224580637,1.0098493207812935,182,6:20
97.0%,12125000,24250.000004022873,-2684947.3216632344,299.74727118667687,1.0119258913307045,182,5:56
97.2%,12150000,24300.00000403306,-2684353.8140872475,300.02390927340514,1.0131407963583983,182,5:32
97.4%,12175000,24350.000004043246,-2682151.904766284,300.696807174468,1.0136095083325065,182,5:08
97.6%,12200000,24400.000004053432,-2682682.21620059,300.32131562601074,1.0122803770160818,182,4:45
97.8%,12225000,24450.00000406362,-2683424.0223126393,299.95119387327,1.0107264324155734,182,4:21
98.0%,12250000,24500.000004073805,-2687295.460914798,301.33589735550237,1.0127442326601155,182,3:57
98.2%,12275000,24550.00000408399,-2683428.673549287,300.60862531096717,1.0101754430714625,182,3:33
98.4%,12300000,24600.000004094178,-2685449.249195019,300.748598307291,1.0121389479430212,182,3:10
98.6%,12325000,24650.000004104364,-2685850.757750444,300.74571101216594,1.0130535912372158,182,2:46
98.8%,12350000,24700.00000411455,-2685461.510340035,301.73362138866116,1.0119852870059822,182,2:22
99.0%,12375000,24750.000004124737,-2684465.3203854114,299.9170159045426,1.0127554429683898,182,1:58
99.2%,12400000,24800.000004134923,-2683717.0954716895,299.4924083241494,1.0117071303345004,182,1:35
99.4%,12425000,24850.00000414511,-2684921.0557744075,299.3273730415857,1.0117753116123094,182,1:11
99.6%,12450000,24900.000004155296,-2682653.8462994266,299.99448740744276,1.0131017514335754,182,0:47
99.8%,12475000,24950.000004165482,-2683223.7755803894,300.17872707500857,1.012676873337677,182,0:23
100.0%,12500000,25000.00000417567,-2684272.248505015,300.3738916332686,1.0145918370335396,182,0:00
100.2%,12525000,25050.000004185855,-2682078.123823805,300.585914904382,1.0104482952224498,182,23:59:37
100.4%,12550000,25100.00000419604,-2684215.881098347,300.42276045027603,1.0113899316679946,182,23:59:13
100.6%,12575000,25150.000004206227,-2683342.51128806,300.87758870088015,1.0130615595043904,182,23:58:49
100.8%,12600000,25200.000004216414,-2687599.7068178672,300.59963595945385,1.0153972269439258,182,23:58:25
101.0%,12625000,25250.0000042266,-2686461.0751236025,300.1830819971396,1.0121055941930956,182,23:58:02
101.2%,12650000,25300.000004236786,-2684198.0577902347,300.2068539914251,1.013822783922049,182,23:57:38
101.4%,12675000,25350.000004246973,-2684299.927391095,299.37304760660646,1.0127894198661513,182,23:57:14
