pdb,rank,n_residues,mean_score,max_score,center_x,center_y,center_z,gt_hits
1YCS,1,9,0.7473,0.8067,30.4,32.0,55.0,0
1YCS,2,7,0.6323,0.742,22.3,23.9,43.3,0
1YCS,3,9,0.5276,0.6049,32.2,-18.4,74.2,0
1YCS,4,4,0.5987,0.6431,24.9,-0.7,66.1,0
1YCS,5,4,0.5213,0.5459,13.3,-11.2,80.4,0
2JGU,1,73,0.7225,0.8252,20.9,-20.1,-23.9,0
2JGU,2,71,0.68,0.8152,-4.4,19.8,-26.1,9
2JGU,3,21,0.6786,0.7701,-11.2,-27.9,-31.7,0
2JGU,4,20,0.6794,0.7968,-32.7,-6.0,-31.9,5
2JGU,5,13,0.6934,0.7354,17.0,16.7,-1.8,0
2JGU,6,13,0.6303,0.8019,-18.0,-11.2,-26.1,0
2JGU,7,6,0.6613,0.7451,10.0,5.1,-17.4,0
2XBP,1,7,0.7099,0.7854,24.6,8.6,47.1,0
1XKK,1,47,0.7088,0.8229,15.2,33.3,38.0,0
1XKK,2,7,0.6351,0.6956,30.6,51.1,22.6,0
9B8T,1,72,0.7044,0.8141,132.3,173.3,135.2,0
9B8T,2,90,0.5684,0.7217,148.3,175.2,183.7,19
9B8T,3,69,0.5708,0.6814,177.8,138.6,169.2,17
9B8T,4,22,0.7463,0.8072,167.8,153.0,139.2,0
9B8T,5,33,0.5288,0.6377,129.6,127.3,180.7,11
9B8T,6,17,0.6216,0.7797,133.0,137.3,112.4,0
9B8T,7,8,0.5932,0.7156,154.2,141.8,100.5,0
9B8T,8,5,0.6211,0.7177,115.2,130.2,108.0,0
9B8T,9,3,0.6244,0.648,120.9,166.6,156.2,0
9B8T,10,4,0.4551,0.4828,118.4,119.4,181.8,0
9B8T,11,3,0.5119,0.5323,165.8,117.8,160.6,0
9B8T,12,3,0.4818,0.5041,141.6,117.3,173.8,0
1P9Y,1,18,0.7039,0.8116,29.8,-7.1,16.8,0
1P9Y,2,22,0.5406,0.6995,18.9,-10.6,52.0,0
1P9Y,3,3,0.5205,0.5281,10.1,-14.0,53.5,0
1M17,1,40,0.7016,0.8119,23.0,-0.5,54.2,0
1M17,2,8,0.6138,0.6937,13.5,26.2,61.3,0
1OIN,1,78,0.6993,0.8243,-4.9,11.9,17.0,1
1OIN,2,90,0.587,0.7363,-15.6,-27.3,-1.5,1
1OIN,3,18,0.694,0.7768,2.0,6.3,-2.8,3
2PKT,1,50,0.6974,0.803,9.5,-12.1,7.7,12
2NMO,1,23,0.6955,0.7747,15.7,22.0,18.9,0
2NMO,2,9,0.6319,0.7732,7.1,19.1,31.6,6
2NMO,3,3,0.5698,0.6685,17.6,25.2,31.9,0
1THJ,1,72,0.695,0.8146,34.9,64.5,137.0,4
1THJ,2,88,0.5675,0.725,16.2,62.1,148.5,11
1THJ,3,83,0.575,0.7483,23.5,44.9,134.2,8
1THJ,4,3,0.5035,0.5364,-2.4,58.6,139.5,0
1SQO,1,112,0.6879,0.8142,13.0,14.6,29.3,9
6FCN,1,57,0.6878,0.798,10.5,-32.5,-24.8,21
6FCN,2,65,0.5611,0.6521,11.5,22.0,-44.1,18
6FCN,3,23,0.5096,0.592,3.5,13.2,8.7,4
6FCN,4,3,0.5201,0.5695,-2.4,-31.0,-9.8,0
6FCN,5,3,0.4606,0.5203,9.5,1.9,-51.7,0
2AM9,1,16,0.6853,0.8202,21.8,-1.0,27.0,0
2AM9,2,7,0.6404,0.7662,24.5,10.3,-3.4,0
2AM9,3,3,0.6204,0.6784,23.4,18.8,9.3,0
4D2G,1,38,0.684,0.8122,38.4,4.2,-25.4,14
4D2G,2,48,0.5771,0.6831,-4.9,4.1,-62.7,12
4D2G,3,47,0.5472,0.6845,-9.4,-21.2,-13.2,14
4D2G,4,14,0.5529,0.6702,7.6,11.5,-64.4,0
4D2G,5,12,0.5239,0.6171,-23.6,1.5,-44.5,1
4D2G,6,4,0.4989,0.6002,-19.0,-18.9,-27.8,0
4D2G,7,3,0.5158,0.5245,-12.1,-35.0,-32.5,0
4D2G,8,3,0.4829,0.5217,-21.8,-16.7,-19.0,0
3C0I,1,42,0.6836,0.8077,2.6,19.1,6.7,4
3C0I,2,9,0.6749,0.7583,10.4,39.4,-10.8,0
3C0I,3,5,0.5919,0.6436,-4.5,39.2,3.8,0
1JBP,1,75,0.6797,0.8169,4.8,11.7,5.1,5
2HM7,1,100,0.6796,0.7971,16.8,25.7,8.7,7
1V48,1,67,0.6768,0.8109,72.2,42.9,41.3,6
1C5H,1,58,0.6763,0.7892,29.4,23.8,21.5,4
1C5H,2,5,0.6289,0.6651,33.5,24.9,43.4,0
1C5H,3,3,0.5609,0.6868,13.8,22.5,30.5,0
1FBO,1,126,0.6762,0.8065,70.3,83.4,36.9,0
1FBO,2,17,0.669,0.7874,62.1,77.1,70.1,0
1FBO,3,12,0.6511,0.7558,62.7,96.4,70.8,0
1FBO,4,10,0.5979,0.6875,55.7,76.2,55.8,2
1FBO,5,8,0.5411,0.6955,56.3,98.9,60.4,0
1FBO,6,4,0.5366,0.6657,106.2,85.3,35.2,0
1GQY,1,71,0.6748,0.8174,56.0,58.2,41.0,10
1GQY,2,90,0.5611,0.7243,36.0,53.3,79.5,7
1GQY,3,50,0.6617,0.8155,77.3,51.5,31.5,0
1GQY,4,50,0.5883,0.7118,13.4,41.4,84.6,0
1GQY,5,13,0.6306,0.7254,57.5,67.3,21.6,0
1GQY,6,14,0.4881,0.5905,21.5,50.0,55.8,5
3VKX,1,128,0.6737,0.8329,-19.3,13.2,31.8,24
3TBL,1,58,0.6716,0.812,20.5,-60.9,13.4,17
3TBL,2,50,0.5499,0.6409,-3.0,-11.8,34.2,14
3TBL,3,17,0.57,0.6636,42.3,-34.0,56.7,4
3TBL,4,16,0.5297,0.6328,18.4,-3.0,47.4,1
3TBL,5,8,0.583,0.6808,22.8,-97.4,16.7,0
3TBL,6,5,0.5881,0.6286,-46.0,-18.2,27.8,0
3TBL,7,3,0.4766,0.5333,-6.8,-23.5,21.6,0
3TBL,8,3,0.4558,0.4953,49.1,-39.7,44.1,3
3KCW,1,17,0.6704,0.7987,-9.0,13.2,-60.5,3
3KCW,2,16,0.6281,0.6959,-10.2,11.6,-74.9,0
3KCW,3,3,0.5058,0.5708,-31.1,6.9,-66.6,0
9N3L,1,123,0.6702,0.7992,-19.4,12.1,28.5,22
1PDZ,1,138,0.6684,0.803,23.9,69.9,6.4,1
1OG2,1,47,0.6678,0.765,21.3,78.7,27.4,0
1OG2,2,55,0.5698,0.6886,58.2,56.4,41.1,0
1OG2,3,5,0.7383,0.7449,6.5,73.1,51.5,0
1OG2,4,4,0.6056,0.6302,65.8,60.7,61.5,0
1OG2,5,4,0.5619,0.6531,17.1,66.5,24.3,0
2DR2,1,39,0.6674,0.8256,24.0,71.9,123.0,0
2DR2,2,27,0.6204,0.76,8.1,66.3,142.3,0
1W60,1,77,0.6653,0.7971,26.3,-2.6,-4.1,22
1W60,2,86,0.5931,0.7015,52.0,43.8,32.5,20
1W60,3,23,0.5363,0.6368,69.5,60.3,38.8,0
1XHY,1,85,0.6603,0.8012,10.6,5.7,23.6,5
2H5C,1,107,0.66,0.8091,22.9,31.8,13.6,5
1W9H,1,116,0.6577,0.7922,12.0,19.0,40.2,9
1W9H,2,3,0.5314,0.5977,13.9,35.1,43.6,1
1U7B,1,96,0.6572,0.7888,52.4,-37.5,-18.1,16
1U7B,2,24,0.6314,0.7652,57.2,-65.2,-8.9,4
3PXF,1,19,0.6535,0.7763,106.7,130.6,70.0,0
3PXF,2,5,0.6171,0.6501,117.2,126.5,30.5,4
3PXF,3,4,0.4329,0.4487,111.7,119.4,26.8,0
3PXF,4,3,0.4715,0.489,85.9,135.0,41.0,0
9CHM,1,79,0.6525,0.8021,107.6,76.3,86.8,23
9CHM,2,38,0.5369,0.6528,132.4,126.7,84.2,9
9CHM,3,8,0.5257,0.5783,79.4,123.5,74.5,1
9CHM,4,6,0.4806,0.5328,139.9,112.1,87.4,0
9CHM,5,3,0.5132,0.542,114.9,142.7,88.8,0
9CHM,6,3,0.4413,0.4682,90.3,134.3,77.4,0
9CHM,7,3,0.4262,0.4456,75.8,114.6,83.3,2
2HNX,1,37,0.6524,0.7939,20.0,38.4,15.7,2
2HNX,2,3,0.654,0.732,30.0,35.6,2.3,2
2P54,1,12,0.6508,0.7848,9.3,30.3,33.7,0
2P54,2,5,0.5978,0.6704,12.7,53.6,23.3,0
2P54,3,3,0.6326,0.6549,7.8,28.5,-3.1,0
2X6D,1,24,0.6494,0.7867,-2.4,24.9,77.4,0
2X6D,2,10,0.6551,0.7586,-26.8,45.7,92.1,0
6EHT,1,47,0.6488,0.808,61.4,7.3,43.6,17
6EHT,2,50,0.5616,0.6694,16.8,8.4,5.9,11
6EHT,3,41,0.5511,0.6864,11.5,-17.8,55.7,10
6EHT,4,14,0.5506,0.6546,-2.4,7.2,23.8,2
6EHT,5,11,0.5193,0.5873,29.8,-4.2,69.1,1
6EHT,6,11,0.5102,0.6224,28.3,17.5,6.1,0
6EHT,7,6,0.6057,0.7313,62.2,23.9,31.3,3
6EHT,8,8,0.4659,0.5734,1.9,-11.5,46.6,0
1GBG,1,96,0.6484,0.7864,13.4,15.2,-22.8,4
2YHW,1,128,0.6471,0.7885,-8.9,27.1,24.8,0
2GV1,1,26,0.6469,0.7923,-4.2,5.2,-2.2,9
2Q1T,1,99,0.6449,0.8155,5.6,60.7,43.1,16
1BLR,1,55,0.6406,0.7826,-1.6,-4.4,3.0,3
2C32,1,24,0.6372,0.7569,75.1,82.7,171.0,0
1LB6,1,26,0.6341,0.8092,5.8,15.6,12.9,0
1LB6,2,12,0.5642,0.6877,8.5,20.5,22.7,0
1LB6,3,3,0.5161,0.571,11.7,-4.6,9.1,0
2DXX,1,41,0.6323,0.7959,28.9,101.4,59.2,0
2DXX,2,46,0.5712,0.7372,37.5,113.0,75.5,4
2DXX,3,27,0.6446,0.802,22.4,86.2,71.4,4
1TML,1,71,0.6309,0.8002,8.1,46.1,-7.1,6
1ONE,1,230,0.6293,0.8004,29.1,-2.2,21.5,8
3FU8,1,554,0.6282,0.819,-1.7,29.6,29.9,14
3FU8,2,18,0.6868,0.804,-39.4,24.2,40.5,4
3FU8,3,3,0.4214,0.4363,11.5,14.6,7.0,0
3HXM,1,135,0.6274,0.7905,-28.2,22.4,-7.5,0
3HXM,2,6,0.7038,0.7953,-11.9,19.7,-26.5,0
3BYH,1,38,0.6252,0.7524,0.4,-18.0,231.0,0
3BYH,2,3,0.5566,0.6064,6.7,-0.2,230.8,0
7EFA,1,64,0.6242,0.7699,8.6,-20.8,-12.4,9
7EFA,2,24,0.5524,0.6225,3.3,-24.9,-50.8,0
1C3I,1,35,0.6183,0.782,35.1,-33.8,8.9,0
1C3I,2,4,0.5589,0.5845,33.7,-16.0,15.8,0
1C3I,3,4,0.469,0.5208,46.5,-46.0,-9.5,0
1C3I,4,3,0.5381,0.714,34.6,-37.4,18.1,0
1C3I,5,3,0.4907,0.5588,18.1,-45.1,-22.2,3
2QKH,1,22,0.6152,0.7551,43.5,4.8,49.8,0
2QKH,2,9,0.5485,0.6162,24.4,15.6,52.4,0
3D0E,1,67,0.6129,0.7354,23.9,-54.1,4.1,4
3D0E,2,40,0.7079,0.829,18.1,-11.1,12.8,4
3D0E,3,5,0.7396,0.7622,2.1,-15.2,-12.6,0
3D0E,4,8,0.4834,0.5396,22.1,-62.8,-21.0,0
8GL9,1,97,0.6114,0.7322,-14.6,26.1,71.5,22
8GL9,2,66,0.578,0.6716,-63.4,31.8,54.3,20
8GL9,3,50,0.5706,0.7058,-32.0,1.3,17.2,19
8GL9,4,23,0.6773,0.8092,-58.0,57.0,7.1,8
8GL9,5,20,0.5389,0.6382,10.0,29.7,70.2,0
8GL9,6,6,0.7092,0.7601,-53.9,44.8,-9.6,3
8GL9,7,7,0.4605,0.5112,-51.9,14.7,55.2,0
7KQ0,1,134,0.6091,0.7511,15.3,-22.8,-18.0,22
7KQ0,2,44,0.542,0.6724,31.6,-76.2,-6.1,15
7KQ0,3,20,0.6755,0.7929,34.5,-42.0,-21.8,4
7KQ0,4,17,0.5926,0.6516,16.9,-54.2,1.8,1
7KQ0,5,14,0.6255,0.7481,54.3,-68.9,-11.3,1
7KQ0,6,3,0.7125,0.7369,50.5,-61.9,-11.6,3
4RJF,1,177,0.6091,0.7841,-19.8,107.9,-19.8,23
4RJF,2,47,0.5873,0.6844,-30.6,158.9,-5.1,14
4RJF,3,8,0.5681,0.6603,-30.5,172.8,-19.6,0
2HQS,1,419,0.6071,0.7499,6.2,43.3,49.9,15
2HQS,2,272,0.615,0.7725,21.0,38.3,6.4,15
2HQS,3,102,0.6205,0.7874,-0.9,3.5,2.7,4
2HQS,4,36,0.5704,0.6677,24.6,9.4,57.1,4
2HQS,5,23,0.5288,0.6513,39.4,53.0,34.1,0
2HQS,6,7,0.6031,0.7159,35.7,-3.8,8.0,1
2HQS,7,6,0.533,0.6213,47.0,42.6,-9.1,0
2HQS,8,4,0.6422,0.7099,-17.2,12.1,16.1,0
2HQS,9,3,0.4578,0.5108,10.4,23.6,36.2,0
8F5Q,1,106,0.604,0.7315,29.5,30.8,13.1,19
8F5Q,2,34,0.5545,0.6696,18.0,70.6,-5.6,11
8F5Q,3,23,0.6483,0.7806,-3.4,30.2,-39.5,5
8F5Q,4,16,0.5644,0.6627,20.5,10.6,3.4,0
8F5Q,5,7,0.504,0.5884,1.6,57.4,-29.3,0
8F5Q,6,4,0.6383,0.7682,-4.1,40.4,-40.1,0
8F5Q,7,3,0.4645,0.501,-5.8,66.2,-18.9,0
1UL1,1,224,0.6035,0.7749,23.5,-17.0,32.6,24
1UL1,2,112,0.5739,0.6846,30.6,13.4,66.9,21
1UL1,3,20,0.5835,0.673,-27.7,16.7,29.3,0
1UL1,4,15,0.5736,0.6661,23.2,-56.2,16.3,0
1UL1,5,13,0.6025,0.7075,14.5,-6.2,99.5,0
1UL1,6,6,0.5096,0.576,12.2,6.1,89.7,0
1UL1,7,3,0.4851,0.5659,10.5,23.2,38.2,0
2JA3,1,113,0.6025,0.7729,34.8,31.6,72.8,0
2JA3,2,77,0.6064,0.7849,43.0,84.3,72.3,0
2JA3,3,17,0.6529,0.7747,21.0,51.0,32.3,0
2JA3,4,10,0.7091,0.778,13.5,76.0,41.0,0
2JA3,5,3,0.5251,0.5506,7.7,38.4,28.2,0
2BRJ,1,236,0.6016,0.8216,29.9,80.9,31.6,7
8UN0,1,80,0.5986,0.7217,154.1,113.0,101.8,16
8UN0,2,81,0.5644,0.6959,162.7,157.7,134.3,21
8UN0,3,50,0.6027,0.7186,126.7,153.3,83.3,17
8UN0,4,42,0.5538,0.676,146.3,119.0,155.4,0
8UN0,5,30,0.5504,0.7114,139.8,144.4,158.5,1
8UN0,6,13,0.6347,0.7927,99.3,137.3,115.8,0
8UN0,7,14,0.5448,0.6994,137.7,170.6,125.2,0
8UN0,8,3,0.715,0.7731,93.4,138.0,108.8,0
8UN0,9,5,0.5189,0.5998,172.0,132.9,123.4,0
8UN0,10,5,0.4947,0.5275,175.8,124.6,117.4,0
8UN0,11,4,0.5485,0.5861,130.7,168.3,91.1,0
8UN0,12,4,0.4549,0.504,148.8,176.0,117.7,0
8UN0,13,3,0.5031,0.5367,164.2,115.0,125.8,0
8UN0,14,3,0.4998,0.5634,133.9,97.4,147.3,0
6CBI,1,222,0.597,0.7194,5.2,-7.7,211.6,24
6CBI,2,79,0.5814,0.7276,27.2,23.7,216.2,19
6CBI,3,55,0.59,0.6694,13.5,-24.3,168.3,15
6CBI,4,34,0.5183,0.6477,4.1,11.1,172.7,0
6CBI,5,16,0.6518,0.7724,35.0,20.9,165.7,4
6CBI,6,14,0.5535,0.66,29.6,8.6,228.3,0
6CBI,7,14,0.543,0.635,52.5,-24.6,200.3,1
6CBI,8,13,0.5144,0.6225,19.4,-33.0,179.2,0
6CBI,9,7,0.6508,0.7453,36.9,31.0,173.3,0
6CBI,10,5,0.6002,0.6966,26.1,2.9,170.0,4
6CBI,11,5,0.5155,0.6064,35.0,-26.1,207.1,5
2B8H,1,576,0.5965,0.7687,-46.4,57.5,25.6,7
2B8H,2,64,0.6559,0.7988,-7.0,56.5,20.9,4
2B8H,3,22,0.6543,0.804,8.2,50.2,15.4,0
2B8H,4,4,0.615,0.729,-3.2,60.2,34.0,0
2LZM,1,4,0.5961,0.6112,24.7,14.9,5.1,0
1IQD,1,77,0.5939,0.7739,9.4,23.6,103.3,2
1IQD,2,53,0.5977,0.735,23.4,18.9,40.6,0
1IQD,3,46,0.5876,0.7564,17.7,2.5,85.7,0
1IQD,4,10,0.6369,0.7682,36.0,24.0,68.8,0
1W61,1,179,0.5937,0.7395,21.5,33.5,6.8,4
1W61,2,131,0.6868,0.8216,10.6,-1.3,29.5,4
1W61,3,5,0.5179,0.5632,28.2,14.2,3.1,0
5YCO,1,126,0.5919,0.7128,-63.8,151.0,70.9,24
5YCO,2,65,0.5642,0.6575,-73.6,161.6,3.0,12
5YCO,3,32,0.5368,0.6552,-30.7,122.8,37.7,8
5YCO,4,24,0.5659,0.6686,-74.7,193.0,10.3,1
5YCO,5,17,0.6568,0.7816,-58.0,176.6,25.6,4
5YCO,6,4,0.6049,0.6404,-54.8,151.9,9.2,1
1AXC,1,141,0.5916,0.7288,81.2,-2.7,18.9,22
1AXC,2,43,0.5734,0.6878,81.3,51.7,19.8,14
1AXC,3,26,0.65,0.7838,34.2,13.1,19.7,4
1AXC,4,4,0.5569,0.622,65.8,53.7,21.6,0
1AXC,5,4,0.5374,0.5717,71.3,56.0,14.4,0
6K3A,1,112,0.5915,0.7245,46.7,150.6,84.2,21
6K3A,2,41,0.6262,0.7637,14.3,198.3,85.5,5
6K3A,3,32,0.5578,0.6558,-1.6,150.5,84.4,12
6K3A,4,12,0.557,0.6569,-7.6,173.4,75.8,0
6K3A,5,5,0.6086,0.7578,40.1,192.8,76.7,3
6K3A,6,6,0.4765,0.5463,5.9,138.5,82.7,0
2R8Q,1,7,0.5906,0.6538,18.5,16.1,6.4,0
2R8Q,2,5,0.6232,0.665,1.6,-24.5,20.9,0
2R8Q,3,4,0.5214,0.5361,3.9,-51.6,20.1,0
7NV0,1,128,0.5897,0.7227,165.1,159.4,185.7,21
7NV0,2,68,0.584,0.7019,187.2,171.7,138.0,21
7NV0,3,45,0.5602,0.7067,139.8,147.1,139.7,15
7NV0,4,7,0.625,0.7913,129.5,205.5,194.9,0
7NV0,5,6,0.549,0.6219,192.0,172.3,157.5,0
7NV0,6,5,0.4991,0.5599,153.1,149.9,129.2,0
7NV0,7,3,0.5588,0.6229,121.6,201.2,179.9,0
8GCJ,1,99,0.5893,0.7345,-15.1,-80.1,21.0,24
8GCJ,2,91,0.5848,0.7554,6.9,-37.1,21.2,22
8GCJ,3,86,0.5847,0.7093,55.8,-41.1,45.0,24
8GCJ,4,62,0.5627,0.6689,38.3,-82.7,17.0,17
8GCJ,5,16,0.6934,0.7822,4.3,-55.0,52.2,5
8GCJ,6,12,0.5745,0.6865,20.6,3.0,51.7,2
8GCJ,7,11,0.5536,0.6428,30.5,-41.8,20.6,0
8GCJ,8,9,0.5574,0.5946,23.6,-95.2,19.2,0
8GCJ,9,3,0.5685,0.5758,21.2,-94.9,-1.1,0
5MAV,1,85,0.5891,0.7069,-432.3,-3.0,75.4,19
5MAV,2,43,0.5684,0.6885,-433.4,24.8,123.5,11
5MAV,3,41,0.5591,0.6441,-431.9,-27.7,115.4,8
5MAV,4,32,0.5695,0.6919,-476.3,-24.3,135.9,7
5MAV,5,12,0.6855,0.7681,-463.4,19.3,99.4,4
5MAV,6,18,0.5581,0.6849,-477.0,4.0,129.6,1
5MAV,7,19,0.5185,0.6012,-440.4,-8.6,134.4,0
5MAV,8,7,0.5024,0.5576,-443.8,33.7,101.0,0
5MAV,9,5,0.5446,0.603,-472.3,-39.9,84.3,0
5MAV,10,3,0.5569,0.5997,-479.0,-37.2,127.6,0
5MAV,11,3,0.5543,0.6182,-434.8,10.1,133.3,0
5MAV,12,3,0.5176,0.5722,-485.5,-31.6,132.3,0
5MAV,13,3,0.4822,0.5113,-441.7,17.3,132.0,0
2NLZ,1,186,0.5891,0.7398,-91.0,-50.4,-39.7,5
2NLZ,2,75,0.5653,0.7127,-69.5,-5.1,-8.7,2
2NLZ,3,37,0.5706,0.6675,-51.7,-65.7,-29.0,0
2NLZ,4,13,0.5883,0.6947,-55.6,-8.0,-36.1,2
2NLZ,5,7,0.6174,0.6737,-50.7,-12.8,-45.4,0
2NLZ,6,5,0.61,0.6461,-54.9,-39.3,-32.7,0
2NLZ,7,5,0.554,0.592,-72.9,-27.1,-23.4,0
2NLZ,8,5,0.5074,0.5854,-79.3,-59.7,-20.3,0
2NLZ,9,3,0.5055,0.538,-98.5,-24.6,-40.4,0
6QC0,1,82,0.5891,0.7167,15.8,27.7,-12.9,19
6QC0,2,25,0.6669,0.7856,60.9,23.9,-32.1,4
6QC0,3,23,0.5659,0.6894,52.8,0.9,20.4,4
6QC0,4,12,0.549,0.6788,12.7,18.0,5.5,0
6QC0,5,3,0.4679,0.5283,24.3,-3.3,20.2,0
1O3P,1,116,0.5885,0.7267,12.4,-2.1,16.1,10
3GXD,1,168,0.5875,0.7529,-16.3,-45.7,24.5,7
3GXD,2,63,0.6738,0.8152,-18.9,4.4,49.9,4
3GXD,3,73,0.5864,0.7252,17.1,5.3,24.6,4
3GXD,4,65,0.5822,0.7358,16.2,-59.4,54.8,4
3GXD,5,5,0.4524,0.5335,13.6,-34.2,65.4,0
3GXD,6,4,0.444,0.4883,-14.5,-35.9,49.8,0
1HP2,1,3,0.5871,0.669,7.8,3.2,-3.0,0
5YD8,1,106,0.587,0.706,68.2,-10.2,-47.5,20
5YD8,2,85,0.5854,0.7188,22.7,14.5,-45.3,18
5YD8,3,37,0.5718,0.7101,18.3,-32.7,-49.8,12
5YD8,4,14,0.5505,0.622,42.3,21.7,-45.5,0
5YD8,5,8,0.5192,0.5901,41.7,-42.6,-41.4,1
5YD8,6,4,0.5389,0.6159,10.3,-20.1,-47.9,0
5YD8,7,4,0.4504,0.4719,63.4,7.8,-61.4,0
8GLA,1,92,0.587,0.7033,85.3,-30.8,111.1,21
8GLA,2,44,0.7029,0.8078,43.0,-4.9,41.9,20
8GLA,3,61,0.5717,0.6991,35.5,-24.8,93.2,16
8GLA,4,32,0.5238,0.6217,68.1,-56.6,56.4,9
8GLA,5,6,0.5298,0.5665,113.1,-31.2,108.9,0
8GLA,6,4,0.5797,0.5995,105.3,-24.5,115.2,0
6VVO,1,376,0.5868,0.7099,120.9,124.3,94.5,24
6VVO,2,14,0.5545,0.6445,128.3,110.6,147.4,1
6VVO,3,6,0.4962,0.5267,106.8,127.1,146.9,0
2ZVL,1,337,0.5867,0.7202,18.3,-12.4,25.3,23
2ZVL,2,37,0.5675,0.6613,-47.6,4.3,-16.2,10
2ZVL,3,24,0.5537,0.6908,-7.0,40.8,-13.4,7
2ZVL,4,14,0.6557,0.7755,2.3,-1.5,-54.9,4
2ZVL,5,11,0.5845,0.6385,17.8,-36.9,49.9,0
2ZVL,6,13,0.4985,0.6177,-47.6,29.9,-11.4,1
2ZVL,7,7,0.5088,0.591,5.2,36.6,-39.8,0
2ZVL,8,8,0.4603,0.5192,-45.6,-1.6,-29.2,0
2ZVL,9,3,0.6996,0.7556,-23.7,-3.6,-52.1,3
2CLR,1,124,0.5864,0.7124,41.0,24.6,36.9,12
2CLR,2,21,0.5611,0.7344,35.5,52.5,30.8,4
2CLR,3,18,0.497,0.6138,-2.2,2.7,-4.9,1
2CLR,4,8,0.5663,0.6337,-15.7,-13.4,-0.4,0
2CLR,5,4,0.5958,0.6498,14.2,-0.8,11.2,0
2CLR,6,3,0.4886,0.5366,-4.9,-8.0,5.8,0
1RJ8,1,275,0.5862,0.7344,25.7,37.6,5.5,3
1RJ8,2,25,0.5551,0.6827,-7.7,9.0,21.8,0
1RJ8,3,19,0.5648,0.6634,12.5,-11.7,26.9,0
1RJ8,4,10,0.6432,0.7499,23.0,13.4,10.1,0
1RJ8,5,8,0.5439,0.5861,1.7,-7.2,35.0,0
9EOA,1,60,0.5858,0.7233,142.0,122.7,176.8,16
9EOA,2,56,0.5647,0.6758,139.6,174.7,189.2,13
9EOA,3,25,0.639,0.7334,167.1,144.1,114.0,0
9EOA,4,22,0.5394,0.6632,183.5,150.7,200.0,7
9EOA,5,10,0.5743,0.6422,127.3,145.9,173.7,0
9EOA,6,9,0.5392,0.6135,128.6,164.4,179.1,0
9EOA,7,3,0.6017,0.6595,164.6,168.9,118.2,0
9EOA,8,5,0.45,0.5343,160.1,117.3,178.1,0
9EOA,9,3,0.5166,0.6037,177.3,123.2,187.4,0
9EOA,10,3,0.5074,0.5111,122.4,157.9,203.0,0
8UMU,1,115,0.5847,0.7332,130.7,162.3,158.3,21
8UMU,2,95,0.5684,0.6768,171.0,130.2,154.6,21
8UMU,3,66,0.5644,0.6795,122.8,118.6,174.4,9
8UMU,4,9,0.6692,0.7916,110.1,106.3,130.1,0
8UMU,5,13,0.4854,0.5678,147.5,119.2,124.4,0
8UMU,6,3,0.5626,0.5928,145.2,106.1,171.0,0
8UMU,7,4,0.4537,0.4951,137.1,102.6,167.8,0
8UMU,8,3,0.4676,0.5063,149.1,153.9,121.8,0
8COB,1,86,0.5843,0.7076,26.6,144.9,35.5,20
8COB,2,21,0.6325,0.7392,55.8,136.0,-3.0,4
8COB,3,24,0.5599,0.7051,9.3,129.8,40.4,0
8COB,4,15,0.5394,0.6405,7.9,100.3,7.8,4
6QCG,1,98,0.5833,0.7052,33.3,16.8,201.4,19
6QCG,2,71,0.5773,0.7148,50.2,-25.8,218.8,16
6QCG,3,71,0.571,0.7065,51.6,-18.5,167.0,15
6QCG,4,46,0.5575,0.6787,67.2,23.0,220.4,9
6QCG,5,16,0.6656,0.7683,72.3,21.3,163.6,4
6QCG,6,12,0.5576,0.6835,89.7,-24.7,199.8,1
6QCG,7,12,0.5458,0.622,52.8,30.3,201.1,1
6QCG,8,10,0.5467,0.6319,38.0,18.4,178.8,0
6QCG,9,9,0.5491,0.6348,45.5,-8.5,226.3,0
6QCG,10,9,0.5226,0.6411,59.1,-32.4,179.1,0
6QCG,11,9,0.5163,0.5768,66.2,8.8,227.1,0
6QCG,12,4,0.5339,0.6445,62.7,3.6,168.6,3
6QCG,13,3,0.4529,0.5216,36.7,2.1,168.9,0
1Z7X,1,61,0.5831,0.7215,61.2,50.8,-18.0,4
1Z7X,2,57,0.5808,0.7015,64.0,67.0,40.2,7
1Z7X,3,8,0.5842,0.6505,31.6,49.8,-26.9,1
1Z7X,4,3,0.609,0.6432,49.7,38.1,0.8,0
6GIS,1,60,0.583,0.6811,55.2,82.9,31.5,19
6GIS,2,40,0.6778,0.7964,76.9,83.5,85.8,17
6GIS,3,46,0.5546,0.6668,46.3,41.2,66.8,11
6GIS,4,9,0.5295,0.6484,64.3,94.9,40.4,0
6GIS,5,9,0.4876,0.5904,37.4,68.2,35.0,1
6GIS,6,3,0.49,0.5373,47.7,55.1,39.6,0
1Q5H,1,43,0.5829,0.7222,19.7,34.5,18.9,6
1Q5H,2,4,0.5732,0.6125,18.2,21.9,26.5,3
1Q5H,3,3,0.558,0.5793,31.5,20.9,20.7,0
1Q5H,4,3,0.5514,0.5739,19.3,13.6,26.9,0
1Q5H,5,3,0.5512,0.5848,25.3,54.8,18.6,0
1BU9,1,40,0.5825,0.6934,-0.3,-10.8,-12.4,2
1BU9,2,11,0.6056,0.6836,-6.9,4.2,-5.6,2
2VGO,1,35,0.582,0.7051,38.8,51.0,67.2,1
2VGO,2,5,0.5237,0.5967,22.7,60.7,32.1,0
8E84,1,55,0.5814,0.6824,30.9,-6.7,23.7,15
8E84,2,49,0.5716,0.6759,19.4,-54.6,6.5,16
8E84,3,24,0.6887,0.7777,9.0,-13.6,-27.6,16
8E84,4,11,0.5489,0.6086,29.9,1.8,10.2,0
8E84,5,8,0.4856,0.5682,33.9,-36.5,27.9,0
8E84,6,3,0.4833,0.5264,40.4,-27.6,26.1,0
8UMY,1,73,0.5814,0.7005,154.1,113.9,102.9,16
8UMY,2,70,0.577,0.6908,164.5,156.1,140.7,21
8UMY,3,50,0.5935,0.7205,127.2,153.5,83.8,16
8UMY,4,31,0.5362,0.6452,146.1,118.8,156.4,0
8UMY,5,19,0.5666,0.6921,142.0,145.4,158.0,1
8UMY,6,20,0.5265,0.6757,145.3,172.1,129.8,0
8UMY,7,10,0.7095,0.7966,97.5,136.2,115.9,0
8UMY,8,4,0.6788,0.7784,92.6,139.4,108.8,0
8UMY,9,5,0.5109,0.5329,176.1,124.2,118.6,0
8UMY,10,5,0.4868,0.5577,163.7,116.5,127.0,0
8UMY,11,4,0.5219,0.595,172.8,132.2,123.7,0
8UMY,12,4,0.5216,0.5695,130.2,168.9,92.0,0
8UMY,13,3,0.5482,0.591,170.1,139.9,135.2,0
8UMY,14,3,0.5288,0.5401,120.6,117.5,112.9,0
8UMY,15,3,0.458,0.499,136.8,173.3,86.3,0
8UMT,1,180,0.58,0.7116,120.2,130.1,166.7,23
8UMT,2,57,0.5863,0.7212,160.1,156.2,165.3,15
8UMT,3,26,0.5617,0.715,150.4,126.4,114.5,0
8UMT,4,25,0.531,0.6333,129.3,168.0,157.9,1
8UMT,5,17,0.544,0.6381,137.2,156.2,111.0,0
8UMT,6,7,0.5988,0.7285,135.8,101.9,150.8,0
8UMT,7,9,0.4837,0.5555,166.6,129.3,162.5,0
8UMT,8,6,0.5159,0.5451,114.3,119.5,134.4,0
8UMT,9,3,0.5313,0.5681,146.6,151.6,91.5,1
8UMT,10,3,0.5042,0.529,156.7,139.5,106.8,1
5MLO,1,128,0.5792,0.7218,39.8,27.2,9.1,22
5MLO,2,34,0.6562,0.7836,72.7,14.2,42.6,5
5MLO,3,37,0.5626,0.6711,63.8,-18.2,-9.1,9
5MLO,4,7,0.5052,0.5504,52.0,4.2,-23.8,0
1VYJ,1,241,0.5779,0.7172,-8.7,59.4,83.1,24
1VYJ,2,116,0.5762,0.7144,23.8,41.4,59.3,24
1VYJ,3,64,0.5586,0.7225,3.9,37.5,29.3,18
1VYJ,4,12,0.6297,0.7351,-32.0,73.2,39.2,4
1VYJ,5,15,0.5527,0.6497,-18.1,61.0,-17.6,0
1VYJ,6,10,0.5514,0.6113,7.8,31.3,10.6,0
1VYJ,7,4,0.5054,0.5237,-2.4,30.5,40.8,2
3CL7,1,63,0.5778,0.6974,48.4,22.6,3.6,6
3CL7,2,13,0.6043,0.7871,34.1,4.5,-22.1,0
3CL7,3,11,0.6522,0.7662,25.3,18.8,-22.6,3
3CL7,4,12,0.5035,0.5618,39.7,41.9,15.3,0
3CL7,5,8,0.6096,0.6937,20.9,5.7,-13.5,2
3CL7,6,3,0.6396,0.6953,30.3,12.8,-15.0,0
3P87,1,212,0.5771,0.6965,-7.6,-32.4,-8.4,22
3P87,2,89,0.5687,0.6901,-31.4,13.8,-21.8,21
3P87,3,37,0.5394,0.6325,-49.6,-34.4,-40.5,11
3P87,4,14,0.7031,0.784,-0.1,20.2,-32.1,4
3P87,5,13,0.5421,0.6308,-21.4,-27.7,-63.9,1
3P87,6,4,0.6064,0.6418,12.6,-4.2,-19.3,0
3P87,7,6,0.4951,0.5828,-21.8,-0.7,2.7,0
3P87,8,3,0.5412,0.5843,-41.8,-44.1,-28.8,0
2XHM,1,55,0.5767,0.6957,-18.1,11.6,-23.1,0
2XHM,2,26,0.6912,0.7934,-40.0,36.7,-4.0,4
2XHM,3,11,0.5774,0.6582,-9.9,19.2,-2.3,0
5MLW,1,102,0.576,0.6951,-15.0,26.9,16.5,20
5MLW,2,17,0.653,0.7201,-6.1,-19.2,20.0,5
5MLW,3,25,0.5343,0.6346,-62.6,-1.1,16.3,6
5MLW,4,13,0.5634,0.6423,-36.5,34.5,10.6,0
1VYM,1,77,0.5756,0.6659,19.4,-30.3,8.0,15
1VYM,2,41,0.6693,0.7942,29.2,26.0,21.2,11
1VYM,3,52,0.5656,0.6789,3.7,10.8,-26.2,15
1VYM,4,5,0.6239,0.6733,46.1,2.9,26.3,1
1VYM,5,3,0.5517,0.5706,15.1,-28.6,-19.3,0
1VYM,6,4,0.4746,0.5176,21.8,29.3,-14.7,0
1VYM,7,3,0.5184,0.5647,2.2,-5.3,-25.5,0
2EUF,1,30,0.5751,0.7222,37.6,25.2,63.1,3
2EUF,2,4,0.5165,0.5384,23.5,35.1,48.6,0
2CNN,1,8,0.5747,0.6341,36.3,35.1,37.8,1
2CNN,2,3,0.4843,0.5334,34.3,22.2,44.6,0
5MOM,1,81,0.5719,0.672,-29.8,50.9,-36.9,22
5MOM,2,51,0.659,0.7957,-4.0,2.2,-12.3,17
5MOM,3,38,0.527,0.6271,14.2,33.9,-51.3,11
5MOM,4,13,0.5527,0.6557,-36.7,40.6,-18.9,0
5MOM,5,9,0.4825,0.5426,20.9,26.2,-58.3,3
5MOM,6,3,0.6391,0.6614,-25.3,11.9,-11.7,3
1PZO,1,26,0.5708,0.7255,5.2,1.3,27.5,4
1PZO,2,3,0.4673,0.5919,5.9,4.5,47.2,0
5E0T,1,96,0.5705,0.677,-9.1,-11.9,25.2,21
5E0T,2,50,0.5521,0.6508,-50.5,-32.7,5.2,16
5E0T,3,28,0.6669,0.8015,-33.7,14.1,-21.1,12
5E0T,4,21,0.534,0.6038,-50.5,-20.8,-17.6,2
5E0T,5,5,0.5462,0.6218,-42.4,-33.6,21.1,0
5E0T,6,4,0.5038,0.5381,-8.1,14.0,-16.6,1
3KQ4,1,185,0.5697,0.7308,-92.4,44.2,-79.3,0
3KQ4,2,143,0.5782,0.7434,-3.1,-7.5,-59.1,0
3KQ4,3,55,0.5734,0.6976,-113.3,18.5,-60.5,0
3KQ4,4,47,0.589,0.6912,-80.4,11.0,-106.8,0
3KQ4,5,46,0.5802,0.6931,-16.2,-37.1,-76.3,0
3KQ4,6,33,0.5418,0.707,-43.2,56.8,-11.5,0
3KQ4,7,23,0.5507,0.649,-69.9,51.9,9.8,0
3KQ4,8,18,0.532,0.66,-38.2,47.2,8.7,0
3KQ4,9,12,0.5374,0.67,-20.3,49.2,-33.0,0
3KQ4,10,12,0.5127,0.5902,-58.2,-16.7,-89.4,0
3KQ4,11,5,0.558,0.6275,-113.2,48.2,-64.4,0
3KQ4,12,5,0.5419,0.5792,-41.7,69.9,-12.8,0
3KQ4,13,4,0.58,0.6283,9.7,-24.0,-73.1,0
3KQ4,14,4,0.4762,0.5693,-85.4,8.5,-81.7,0
3KQ4,15,3,0.5278,0.5683,-75.2,-9.6,-46.0,0
1U76,1,118,0.5694,0.7123,95.2,69.2,-85.5,22
1U76,2,33,0.5534,0.6665,94.2,121.3,-84.7,12
1U76,3,25,0.6266,0.7478,49.0,85.7,-82.2,5
1U76,4,3,0.7386,0.7531,55.4,106.9,-93.5,3
1U76,5,7,0.4774,0.5353,112.0,106.8,-96.7,0
3N86,1,75,0.5682,0.7205,8.3,50.5,91.9,4
3N86,2,70,0.5697,0.722,37.8,74.7,92.4,4
3N86,3,67,0.5696,0.7192,-2.9,63.9,57.4,4
3N86,4,63,0.5698,0.7163,-0.1,86.6,86.4,4
3N86,5,60,0.5686,0.721,34.1,52.4,61.2,3
3N86,6,57,0.5731,0.7171,26.3,88.5,55.6,4
3N86,7,45,0.5509,0.7066,8.6,19.5,-17.0,3
3N86,8,23,0.5595,0.71,39.7,2.7,-18.9,3
3N86,9,16,0.568,0.6997,-9.2,4.2,9.9,0
3N86,10,12,0.5753,0.6902,-5.9,-10.0,-13.2,0
3N86,11,10,0.5997,0.6872,33.0,12.2,20.3,0
3N86,12,10,0.598,0.686,23.0,-13.2,24.5,0
3N86,13,9,0.5605,0.6674,33.4,-15.4,-18.3,0
3N86,14,9,0.5478,0.6611,5.0,8.6,24.5,0
6GWS,1,36,0.5681,0.6701,18.3,-32.2,-14.8,9
6GWS,2,26,0.652,0.7694,26.8,20.0,11.2,4
6GWS,3,27,0.5145,0.6351,0.4,-22.0,36.0,6
6GWS,4,10,0.5367,0.6183,22.3,-19.5,-22.0,0
6GWS,5,4,0.6185,0.7547,20.1,10.8,-11.9,3
6HVO,1,53,0.5677,0.672,11.6,10.8,-15.6,14
6HVO,2,43,0.5522,0.6513,6.8,-33.1,16.6,14
6HVO,3,21,0.6727,0.7912,13.6,-46.7,-36.0,5
6HVO,4,18,0.5403,0.6283,17.7,5.9,7.6,3
6HVO,5,10,0.5976,0.788,27.2,-23.7,-42.9,4
6HVO,6,11,0.5325,0.5764,20.1,-49.7,6.1,1
6HVO,7,11,0.532,0.624,16.6,5.6,-28.5,0
6HVO,8,3,0.5229,0.5846,5.8,-15.5,18.1,0
6HVO,9,3,0.5065,0.5443,6.2,-49.6,-9.0,0
6HVO,10,3,0.424,0.4339,12.0,-22.3,21.6,0
1JWP,1,46,0.5674,0.736,4.1,4.4,31.1,6
3EML,1,4,0.5669,0.5784,-1.0,14.7,-14.0,0
6FCM,1,74,0.5654,0.6651,10.9,21.8,-43.5,20
6FCM,2,45,0.6721,0.8102,11.9,-33.3,-26.0,20
6FCM,3,25,0.509,0.5939,5.3,11.5,8.9,7
6FCM,4,3,0.5323,0.5446,9.6,2.6,-51.3,0
1ZC3,1,49,0.5653,0.7231,6.6,16.6,17.4,15
1ZC3,2,41,0.5871,0.7286,40.0,46.1,33.1,2
1ZC3,3,28,0.6672,0.7981,55.5,63.9,14.2,7
1ZC3,4,14,0.5534,0.655,23.3,35.6,33.2,0
1ZC3,5,6,0.5387,0.6585,66.1,55.5,17.4,5
1ZC3,6,3,0.5915,0.63,6.4,4.5,35.4,0
2ZVM,1,48,0.5634,0.6619,1.6,-14.6,19.3,15
2ZVM,2,34,0.5277,0.6374,54.7,-8.0,11.1,11
2ZVM,3,23,0.5479,0.6348,21.3,-27.6,8.5,2
2ZVM,4,16,0.6475,0.7543,37.3,24.5,50.3,4
2ZVM,5,18,0.5249,0.5996,60.6,5.7,32.1,0
2ZVM,6,11,0.544,0.635,-0.9,-6.8,31.9,0
2ZVM,7,7,0.5689,0.6726,46.7,28.2,43.1,0
2ZVM,8,4,0.4988,0.5995,41.4,-16.5,1.4,0
5E0V,1,89,0.5633,0.686,-31.1,41.8,48.3,19
5E0V,2,30,0.6124,0.7665,-8.6,14.8,19.0,5
5E0V,3,19,0.539,0.6535,-12.6,56.9,49.0,0
5E0V,4,8,0.6503,0.7335,-30.2,33.5,5.6,1
5E0V,5,3,0.5847,0.6487,-24.9,30.4,8.6,3
7M5N,1,44,0.5633,0.6736,-18.7,38.6,-16.7,9
7M5N,2,23,0.6457,0.7705,6.2,43.2,15.9,4
7M5N,3,32,0.5462,0.6701,-49.2,57.3,15.7,10
7M5N,4,21,0.5464,0.6333,-27.1,51.8,-13.9,0
7M5N,5,8,0.6739,0.7186,-1.8,33.9,2.2,7
7M5N,6,7,0.673,0.7861,-4.3,12.6,2.1,0
7M5N,7,9,0.5551,0.6291,13.7,35.5,-16.4,0
7M5N,8,5,0.5555,0.6133,-26.3,64.1,4.2,0
7M5N,9,3,0.4912,0.5476,2.5,27.4,-9.7,0
4ZTD,1,50,0.5631,0.6758,-18.7,-36.8,5.4,12
4ZTD,2,26,0.6389,0.7711,3.4,20.9,8.8,6
4ZTD,3,34,0.5358,0.6463,33.1,-24.5,13.0,7
4ZTD,4,11,0.4997,0.5796,3.8,-48.1,14.8,0
4ZTD,5,9,0.5467,0.6219,-26.7,-24.4,9.6,0
4ZTD,6,5,0.4714,0.5144,30.1,-0.6,26.0,0
2VO5,1,187,0.5612,0.7122,-19.0,37.8,34.0,4
2VO5,2,132,0.5753,0.7198,13.8,56.5,51.2,0
2VO5,3,57,0.6604,0.8058,24.7,40.0,3.2,0
2VO5,4,41,0.6142,0.81,-8.0,35.0,-7.9,0
2VO5,5,13,0.6812,0.802,-3.9,55.3,-6.1,0
2VO5,6,10,0.6446,0.7762,16.3,57.9,-3.0,0
2VO5,7,4,0.5325,0.5908,-18.3,37.9,11.4,0
9GY0,1,84,0.5609,0.6968,103.5,130.9,175.5,17
9GY0,2,53,0.569,0.6867,158.3,121.6,173.1,15
9GY0,3,37,0.6321,0.736,124.7,138.9,98.1,0
9GY0,4,16,0.5441,0.6115,130.8,168.0,165.2,3
9GY0,5,6,0.4831,0.5326,117.1,113.0,181.1,0
9GY0,6,4,0.5369,0.5919,163.5,140.0,169.0,0
9GY0,7,3,0.4733,0.506,164.0,141.1,190.2,0
1VFB,1,37,0.5607,0.6537,33.7,-7.7,-23.3,0
1VFB,2,11,0.6569,0.7657,36.5,6.8,3.7,2
2J58,1,220,0.5587,0.6886,66.3,68.5,17.0,5
2J58,2,125,0.5426,0.6829,25.7,74.5,32.0,4
2J58,3,33,0.5563,0.7052,38.5,88.5,55.9,4
2J58,4,26,0.5824,0.6778,68.0,40.1,51.3,4
2J58,5,24,0.5552,0.6777,76.6,54.7,62.3,3
2J58,6,20,0.5699,0.6743,30.2,41.0,52.1,3
2J58,7,20,0.5511,0.677,22.6,55.9,62.9,3
2J58,8,17,0.5524,0.6524,27.9,107.6,18.7,0
2J58,9,16,0.5385,0.681,32.3,70.2,74.8,2
2J58,10,9,0.6461,0.7752,62.7,89.5,65.7,0
2J58,11,10,0.5319,0.6166,43.9,117.5,25.8,0
2J58,12,5,0.5703,0.6217,51.0,63.7,14.2,1
2J58,13,4,0.5549,0.6882,54.1,90.5,53.4,0
2J58,14,3,0.6201,0.6556,56.4,73.4,75.2,0
8UI8,1,100,0.558,0.7038,127.6,111.7,84.9,19
8UI8,2,80,0.5644,0.6874,133.8,158.8,95.5,16
8UI8,3,25,0.5716,0.7224,118.3,122.2,151.5,3
8UI8,4,12,0.543,0.6504,106.6,163.3,113.8,0
8UI8,5,8,0.6591,0.7766,169.1,113.7,125.0,0
8UI8,6,7,0.5108,0.5628,116.7,148.7,163.3,0
8UI8,7,5,0.456,0.5094,107.6,169.7,102.4,0
8UI8,8,3,0.5321,0.5836,108.1,162.7,140.1,0
8UI8,9,3,0.4932,0.5417,149.1,132.5,117.9,0
1XQ4,1,86,0.5579,0.7383,48.7,101.9,75.9,7
1XQ4,2,13,0.5598,0.7149,23.3,99.0,79.4,0
1XQ4,3,10,0.5619,0.7007,22.0,101.7,102.2,0
1XQ4,4,9,0.4743,0.5405,34.8,95.6,101.7,0
1XQ4,5,4,0.6477,0.7342,56.2,99.6,106.2,0
1XQ4,6,3,0.5263,0.5383,24.9,108.5,78.2,0
1D09,1,43,0.5565,0.7029,33.1,79.8,53.5,6
1D09,2,6,0.5732,0.6383,14.4,73.6,19.6,0
1D09,3,3,0.5989,0.6425,30.2,24.9,21.7,0
1D09,4,3,0.5495,0.5719,56.3,39.5,69.9,0
2P0R,1,43,0.5557,0.6959,5.6,22.4,71.4,8
2P0R,2,16,0.5955,0.7011,14.7,9.1,21.0,0
2P0R,3,16,0.5902,0.7191,2.7,19.8,21.1,5
2P0R,4,8,0.5724,0.6933,5.5,41.5,45.8,4
2P0R,5,7,0.4863,0.5298,16.5,-2.7,48.5,2
2P0R,6,4,0.5224,0.5683,2.2,34.4,16.2,0
8UI9,1,106,0.5523,0.6861,87.8,134.4,118.6,21
8UI9,2,97,0.5375,0.7091,125.0,110.0,83.3,15
8UI9,3,78,0.5737,0.7097,135.5,158.0,96.4,16
8UI9,4,21,0.5619,0.685,118.5,121.4,151.2,2
8UI9,5,10,0.6547,0.7742,169.5,111.0,124.5,0
8UI9,6,11,0.457,0.5014,109.8,164.3,115.1,0
8UI9,7,9,0.4832,0.5821,119.0,154.6,149.7,0
8UI9,8,3,0.5617,0.6075,123.5,101.1,118.0,0
3L7U,1,14,0.552,0.6119,-49.7,17.0,16.2,5
3L7U,2,8,0.5966,0.7166,-35.2,-3.9,-15.8,2
3L7U,3,3,0.4547,0.4799,-31.5,7.2,5.8,0
5E0U,1,72,0.5511,0.6697,14.7,26.2,-2.4,15
5E0U,2,43,0.5604,0.6552,-41.8,48.3,-14.9,16
5E0U,3,21,0.6259,0.736,-16.7,51.3,-14.7,7
5E0U,4,18,0.5318,0.6043,-48.3,21.1,-15.8,0
5E0U,5,14,0.4969,0.6099,-48.0,62.7,-10.8,0
5E0U,6,11,0.5516,0.6359,-20.2,22.0,-1.9,0
1K3Y,1,10,0.5508,0.6557,55.4,3.7,15.0,0
1K3Y,2,6,0.655,0.7201,85.1,21.4,-7.9,3
2ZVK,1,56,0.5491,0.7028,56.7,-10.1,13.1,13
2ZVK,2,46,0.5756,0.6861,66.4,33.4,41.0,11
2ZVK,3,32,0.6391,0.7619,42.5,-17.5,67.8,8
2ZVK,4,24,0.5298,0.6148,60.0,25.8,18.6,3
2ZVK,5,14,0.5199,0.5649,40.2,-22.7,37.0,0
2ZVK,6,3,0.6368,0.752,41.7,10.3,69.1,3
7M5L,1,61,0.5449,0.6432,24.8,-0.4,34.5,6
7M5L,2,21,0.6343,0.7317,-15.4,-13.5,26.3,4
7M5L,3,24,0.5202,0.6227,37.2,14.7,9.0,4
7M5L,4,7,0.6509,0.7551,-32.8,-6.7,25.1,0
7M5L,5,7,0.568,0.6104,25.4,-34.3,27.0,0
7M5L,6,9,0.4986,0.5687,19.5,-23.6,14.9,0
7M5L,7,3,0.5321,0.5829,-10.2,-4.9,36.3,0
9CG4,1,67,0.5411,0.6504,120.0,111.6,120.7,15
9CG4,2,40,0.6529,0.7725,132.0,169.2,116.1,13
9CG4,3,46,0.5479,0.6956,165.5,126.8,102.4,13
9CG4,4,8,0.6312,0.6775,114.6,161.8,132.8,3
9CG4,5,3,0.6424,0.6747,116.4,154.3,129.1,3
9CG4,6,4,0.5535,0.5988,143.9,113.5,153.7,0
2WER,1,45,0.5379,0.6607,23.0,35.0,-29.5,0
2WER,2,9,0.6024,0.6948,-5.7,61.6,-8.9,0
2WER,3,5,0.6017,0.657,35.8,55.0,-29.4,0
2OQB,1,32,0.5325,0.6235,-2.3,20.9,96.8,1
2BKM,1,6,0.5296,0.5831,19.8,11.9,4.7,3
2BKM,2,6,0.48,0.5252,-3.2,12.3,21.9,2
1E3V,1,29,0.5234,0.6208,6.3,-18.8,63.7,1
